Data Source,World Development Indicators,,,,,,,,,,,,,,,,,,,,,,,,,,,,,
,,,,,,,,,,,,,,,,,,,,,,,,,,,,,,
Last Updated Date,6/1/17,,,,,,,,,,,,,,,,,,,,,,,,,,,,,
,,,,,,,,,,,,,,,,,,,,,,,,,,,,,,
Country Name,Country Code,Indicator Name,Indicator Code,1990,1991,1992,1993,1994,1995,1996,1997,1998,1999,2000,2001,2002,2003,2004,2005,2006,2007,2008,2009,2010,2011,2012,2013,2014,2015,2016
Aruba,ABW,"GDP per capita, PPP (current international $)",NY.GDP.PCAP.PP.CD,,,,,,,,,,,,,,,,,,,,,,36015.07046,,,,,
Afghanistan,AFG,"GDP per capita, PPP (current international $)",NY.GDP.PCAP.PP.CD,,,,,,,,,,,,,895.5991488,945.6869299,940.476299,1039.408242,1095.655628,1245.059223,1283.040986,1525.517054,1629.16729,1712.58872,1934.285634,1941.610049,1942.48461,1925.165228,
Angola,AGO,"GDP per capita, PPP (current international $)",NY.GDP.PCAP.PP.CD,3106.554625,3076.256008,2836.129244,2115.395101,2165.01507,2366.284056,2603.074343,2778.743543,2918.451406,2972.321938,3036.559728,3131.995858,2858.897069,2961.964572,3256.653754,3838.264572,4614.590809,5613.232196,6298.01244,6284.274905,6360.84898,6524.481181,6758.27805,7096.786468,7327.37949,7386.700843,
Albania,ALB,"GDP per capita, PPP (current international $)",NY.GDP.PCAP.PP.CD,2721.627366,1992.082585,1902.294879,2147.584702,2389.957619,2781.42641,3109.197384,2837.364175,3208.971421,3690.680883,4026.537421,4463.614854,4754.656802,5114.775044,5524.947616,5942.858972,6634.754475,7289.605417,8228.328189,8823.861485,9646.582277,10209.20099,10526.86869,10578.78911,11307.54928,11479.08746,
Andorra,AND,"GDP per capita, PPP (current international $)",NY.GDP.PCAP.PP.CD,,,,,,,,,,,,,,,,,,,,,,,,,,,
Arab World,ARB,"GDP per capita, PPP (current international $)",NY.GDP.PCAP.PP.CD,6497.875936,6385.381013,6749.267453,6987.866035,7176.833291,7308.406372,7630.252892,7963.284408,8336.286084,8581.392359,9013.781607,9239.633046,9316.699394,9617.04261,10590.97626,11332.14015,12201.45535,12912.43713,13663.84407,13705.45589,14197.18459,14577.1356,15294.65087,15736.27604,16114.99421,16451.50236,
United Arab Emirates,ARE,"GDP per capita, PPP (current international $)",NY.GDP.PCAP.PP.CD,74017.30065,73036.99661,73154.27774,71959.87787,74683.88859,77467.24484,79480.46748,83165.26315,80040.2167,79262.38645,84974.89409,83533.55522,82369.68502,85563.63642,87843.70811,84338.35941,82754.28198,75426.79351,69124.39621,59100.38054,56245.47816,57594.12668,61115.20946,64409.90828,67238.99526,69970.81534,
Argentina,ARG,"GDP per capita, PPP (current international $)",NY.GDP.PCAP.PP.CD,6990.553832,8024.59187,9061.646126,9693.9687,10342.47654,10129.77663,10754.19812,11688.74771,12132.51441,11769.15447,11810.06105,11419.05094,10217.25341,11217.54382,12430.68741,13817.71301,15227.56639,16865.68021,17711.67381,16618.43286,18333.99467,19629.94701,19579.71113,20162.26512,19801.94511,20338.18906,
Armenia,ARM,"GDP per capita, PPP (current international $)",NY.GDP.PCAP.PP.CD,2414.404926,2223.444263,1347.491008,1287.955107,1419.992742,1581.73379,1731.807416,1840.696008,2012.338894,2123.61324,2313.331946,2605.771618,3007.219393,3510.316808,3998.143137,4716.243273,5526.092806,6483.504649,7097.912173,6158.301452,6376.268217,6803.482997,7401.856398,7733.631944,8117.6085,8418.72779,
American Samoa,ASM,"GDP per capita, PPP (current international $)",NY.GDP.PCAP.PP.CD,,,,,,,,,,,,,,,,,,,,,,,,,,,
Antigua and Barbuda,ATG,"GDP per capita, PPP (current international $)",NY.GDP.PCAP.PP.CD,11087.01747,11594.57506,11766.78311,12415.41251,13141.20213,12516.60041,13236.87073,13732.76683,14108.11207,14554.48083,15312.5665,14907.07263,15372.57819,16426.92431,17593.87624,19067.0683,22040.91366,24503.84487,24723.11189,21671.37575,20151.30987,19987.92414,20919.65501,20999.01692,22133.75502,23062.27827,
Australia,AUS,"GDP per capita, PPP (current international $)",NY.GDP.PCAP.PP.CD,17347.49494,17803.04161,18207.97507,19157.96496,20087.94752,20979.9699,22048.77392,22992.94066,24216.73343,25268.51981,26374.71575,27399.17799,28685.30614,29691.53458,31312.79299,32559.45929,34324.97173,36565.51847,37479.28912,40256.05127,39169.55998,41763.11851,42596.29412,45574.63283,46298.68718,46270.79934,
Austria,AUT,"GDP per capita, PPP (current international $)",NY.GDP.PCAP.PP.CD,19394.23375,20523.52157,21196.26616,21635.75071,22540.04335,23587.93849,24475.62123,25350.5991,26577.10663,27547.94554,29301.08698,29725.42733,31119.20999,31987.22057,33649.41335,34866.84044,37455.51021,39150.87728,41058.63054,40704.40971,41906.72959,44237.96032,46233.39624,47764.82312,48658.98009,49429.55555,
Azerbaijan,AZE,"GDP per capita, PPP (current international $)",NY.GDP.PCAP.PP.CD,5502.433989,5558.818413,4334.433664,3361.035497,2719.340227,2420.444864,2471.585879,2634.158631,2901.351672,3136.093893,3534.329148,3942.084882,4393.967199,4945.907916,5551.448842,7169.150431,9830.162606,12477.38469,13799.78614,14900.50866,15627.60562,15754.15236,16180.88715,17171.76137,17607.62289,17779.77376,
Burundi,BDI,"GDP per capita, PPP (current international $)",NY.GDP.PCAP.PP.CD,678.1205632,717.0176242,723.7173334,680.303455,655.7380116,606.0243611,559.2600749,552.2035397,576.4927641,569.6248028,565.3579325,574.8682608,591.4940159,576.4781864,599.8560986,603.2655406,632.6474358,656.8677489,679.0614557,683.4686854,693.4700034,712.6704834,730.0335656,750.5944031,773.7030294,727.1507895,
Belgium,BEL,"GDP per capita, PPP (current international $)",NY.GDP.PCAP.PP.CD,18757.80522,19664.24307,20337.67768,20540.88224,21588.34118,22516.96209,22892.21911,23910.8592,24539.0481,25642.26165,27966.9388,29024.90796,30482.77357,31054.64356,32260.7729,33332.35275,35406.6228,36858.19332,38133.51223,38047.67727,40129.42633,41248.6927,42354.62056,43489.4127,44746.81838,45757.45781,
Benin,BEN,"GDP per capita, PPP (current international $)",NY.GDP.PCAP.PP.CD,941.0716488,978.0410579,992.4465664,1036.023937,1041.32595,1089.854787,1122.000574,1171.559489,1196.354532,1242.716676,1305.034602,1361.728492,1400.049756,1428.792779,1483.357743,1507.891161,1565.55691,1651.808665,1714.280209,1716.207268,1723.796926,1761.574331,1829.728888,1940.416105,2045.971787,2056.700772,
Burkina Faso,BFA,"GDP per capita, PPP (current international $)",NY.GDP.PCAP.PP.CD,545.7264573,598.7897672,597.554203,616.0273814,620.2610807,651.262764,716.1156031,753.110961,794.327675,841.5331905,852.3890672,903.3388294,930.0914004,993.5058329,1035.724288,1127.559147,1198.075128,1241.943039,1299.217851,1307.256177,1392.189049,1470.435184,1547.649372,1614.378644,1660.46464,1696.025601,
Bangladesh,BGD,"GDP per capita, PPP (current international $)",NY.GDP.PCAP.PP.CD,834.0482083,871.0798766,918.4548687,963.3034791,1000.283763,1050.6545,1094.567693,1138.934299,1185.987717,1235.147515,1304.442358,1375.759114,1424.312233,1495.529221,1591.404389,1724.427708,1871.000135,2031.778522,2171.629728,2273.164201,2401.71874,2579.335048,2764.781928,2942.373187,3138.242457,3339.589283,
Bulgaria,BGR,"GDP per capita, PPP (current international $)",NY.GDP.PCAP.PP.CD,5187.776323,4956.59198,4751.653266,4831.082005,5040.681014,5316.620822,5624.807482,5684.708788,6007.198195,5751.461263,6370.557933,6954.18805,7766.236807,8379.256378,9177.379026,10275.0206,11377.80991,12897.90523,14395.63042,14133.06695,14962.93405,15676.12098,16208.32431,16646.78483,17406.09846,18248.77994,
Bahrain,BHR,"GDP per capita, PPP (current international $)",NY.GDP.PCAP.PP.CD,22694.40443,25381.54799,27003.10359,30449.58968,30259.59539,31274.43351,32232.23672,32781.47504,33588.47981,34300.76886,35503.03417,35715.01777,35995.44761,37073.10316,38411.80057,39449.62243,39896.16925,40648.96993,40514.04278,39025.53933,39105.31571,39311.32516,40669.7045,43053.41076,45310.95885,46586.0687,
"Bahamas, The",BHS,"GDP per capita, PPP (current international $)",NY.GDP.PCAP.PP.CD,15693.37862,15253.25583,14721.34013,14837.44668,15361.95338,16120.83741,16888.93198,17338.20097,18157.7265,19515.95658,20486.83736,21131.6689,21606.43716,21304.66135,21619.39465,22602.88621,23417.23436,23928.02132,23397.81577,22196.81949,22431.13764,22665.16756,23432.40085,23469.61666,23441.10216,23001.00715,
Bosnia and Herzegovina,BIH,"GDP per capita, PPP (current international $)",NY.GDP.PCAP.PP.CD,,,,,938.3752658,1190.901326,2332.647027,3214.88954,3760.183254,4174.83975,4494.598108,4706.5643,5070.586021,5295.303712,5774.640574,6365.866291,7270.559159,8018.746485,8822.598879,8793.374005,9042.106226,9523.106752,9691.695739,10202.76161,10472.71749,10851.71863,
Belarus,BLR,"GDP per capita, PPP (current international $)",NY.GDP.PCAP.PP.CD,5224.699919,5331.205325,4918.655385,4642.519116,4191.496264,3846.321048,4039.674256,4596.67258,5060.880441,5335.425417,5800.594599,6245.079773,6703.403419,7370.017294,8497.493761,9661.13942,11021.02607,12343.87508,13917.77867,14082.88639,15384.51415,16603.08807,17217.45557,17680.54485,18290.74286,17740.51373,
Belize,BLZ,"GDP per capita, PPP (current international $)",NY.GDP.PCAP.PP.CD,3340.435795,3742.601777,4218.143917,4513.055969,4523.377884,4528.802383,4530.436403,4600.51278,4642.549536,4940.086243,5519.883853,5750.343844,5968.63425,6484.045996,6796.580124,7013.425023,7365.87625,7449.361273,7641.928505,7569.619167,7727.454571,7867.204816,8126.321478,8184.073775,8485.555403,8483.516867,
Bermuda,BMU,"GDP per capita, PPP (current international $)",NY.GDP.PCAP.PP.CD,26210.9109,26261.12594,27038.87672,28362.56613,28938.43927,30621.69158,31787.7791,33613.37247,35044.95134,36579.56343,40535.20826,43976.09251,43706.03474,45797.32036,47835.43923,49877.28411,53949.42371,56640.989,58288.61209,55320.16171,55254.21412,54984.51039,53097.69629,52436.05641,,,
Bolivia,BOL,"GDP per capita, PPP (current international $)",NY.GDP.PCAP.PP.CD,2396.153348,2555.510532,2604.951787,2726.455008,2857.458866,2993.858987,3119.33242,3264.998214,3399.308557,3399.791207,3497.336516,3570.113727,3647.63158,3753.112061,3946.773387,4180.388249,4438.691785,4685.000005,4986.95884,5108.888916,5298.221351,5598.58149,5899.802219,6303.441473,6662.801466,6953.8271,
Brazil,BRA,"GDP per capita, PPP (current international $)",NY.GDP.PCAP.PP.CD,6639.800472,6849.596858,6862.530647,7240.193718,7669.73827,8050.215032,8248.985072,8541.155794,8529.819221,8568.486867,8987.187225,9182.220217,9468.475047,9630.144212,10324.93103,10860.52438,11502.27311,12389.59652,13140.86546,13094.13602,14114.59284,14836.38136,15256.60843,15823.60723,16045.22746,15473.69364,
Barbados,BRB,"GDP per capita, PPP (current international $)",NY.GDP.PCAP.PP.CD,8595.250561,8505.343474,8175.116076,8407.495592,8727.494874,9057.297347,9553.176833,10138.98726,10592.50256,10750.68935,11445.87943,11393.77559,11626.14687,12080.64709,12549.19371,13421.25141,14563.17481,15153.14854,15446.64117,14874.63239,15035.41769,15404.80135,15680.72729,15870.45765,16136.56476,16405.7626,
Brunei Darussalam,BRN,"GDP per capita, PPP (current international $)",NY.GDP.PCAP.PP.CD,55119.75194,57095.99549,59461.61267,59374.76304,60868.76337,63251.65024,64630.43511,63243.64886,62143.08863,63626.49201,65563.48819,67565.01973,69949.33316,72119.26581,73189.84201,74540.59908,78845.38854,79702.98067,78366.00571,76306.57774,77992.28783,81314.2691,82317.36157,80677.31411,79059.4889,78369.29102,
Bhutan,BTN,"GDP per capita, PPP (current international $)",NY.GDP.PCAP.PP.CD,1507.862149,1554.096666,1683.413124,1788.995889,1945.527046,2136.988247,2281.496675,2405.159108,2514.284088,2681.770229,2850.815991,3064.827799,3344.159882,3564.723225,3770.094685,4060.201675,4365.935906,5172.726954,5418.202026,5717.165737,6354.393934,6882.688407,7251.433192,7417.444076,7875.800825,8369.82535,
Botswana,BWA,"GDP per capita, PPP (current international $)",NY.GDP.PCAP.PP.CD,5234.819766,5647.623854,5780.597363,5871.117949,6057.04175,6462.088288,6810.133282,7327.999297,7317.556065,8003.463977,8212.669635,8296.884674,8814.829988,9283.017396,9661.287314,10268.51134,11277.62022,12310.29127,13081.99784,11934.05703,12854.16073,13634.26347,14210.96224,15545.86513,16011.86847,15839.30239,
Central African Republic,CAF,"GDP per capita, PPP (current international $)",NY.GDP.PCAP.PP.CD,602.9490287,604.5300243,563.9448206,564.3708326,589.2280528,628.9487019,600.1811254,627.9680958,649.91859,669.3452517,654.5030081,686.6588996,710.2287819,674.1987772,722.3714073,739.8246929,785.0942717,828.0778115,845.9026107,850.7780492,870.7393375,900.6397845,936.6388711,590.8069806,595.7958883,618.7528586,
Canada,CAN,"GDP per capita, PPP (current international $)",NY.GDP.PCAP.PP.CD,20107.83069,20060.67282,20446.6282,21255.05357,22465.80305,23354.27219,23904.84893,25087.99726,26117.61173,27656.67692,29185.35506,30073.91281,30851.31148,32189.0616,33754.86956,36134.60224,38009.876,39441.96779,40277.61931,38791.07469,40027.24021,41565.27122,42145.09786,44150.41378,45126.45874,44261.838,
Central Europe and the Baltics,CEB,"GDP per capita, PPP (current international $)",NY.GDP.PCAP.PP.CD,6874.707272,6447.176238,6494.691192,6753.241477,7186.390054,7769.486259,8284.473449,8674.395056,9063.441188,9374.541964,9997.429347,10802.16742,11593.40897,12330.54566,13462.8547,14283.3191,15884.47965,17631.24447,19519.37161,19520.63246,20755.32529,22156.265,22943.70339,23975.5792,25053.02152,26155.75676,
Switzerland,CHE,"GDP per capita, PPP (current international $)",NY.GDP.PCAP.PP.CD,27523.7644,27829.4246,28139.41145,28511.78335,29254.14359,29808.04344,30499.92845,31799.74536,32877.58605,33810.77097,35675.09453,36862.11294,37682.13947,37611.51842,39135.82669,40457.73086,44951.62866,49467.22055,52317.57054,51632.65359,52935.80414,55918.73283,57590.70118,59842.26486,61282.10989,62557.49131,
Channel Islands,CHI,"GDP per capita, PPP (current international $)",NY.GDP.PCAP.PP.CD,,,,,,,,,,,,,,,,,,,,,,,,,,,
Chile,CHL,"GDP per capita, PPP (current international $)",NY.GDP.PCAP.PP.CD,4407.204479,4887.033391,5579.525929,6077.837187,6528.177649,7338.522927,7993.252483,8599.416631,8907.98353,8846.42962,9848.898397,10249.82649,10535.56041,11133.57073,11991.27253,12964.80494,15637.69644,16841.56003,16437.57209,16226.14868,18249.54077,20266.03603,21370.09931,22543.94374,22909.79625,23366.58391,
China,CHN,"GDP per capita, PPP (current international $)",NY.GDP.PCAP.PP.CD,986.5684444,1099.052304,1268.271708,1461.610447,1668.580757,1869.46645,2070.771752,2277.207009,2458.630831,2664.485215,2933.31502,3226.84868,3551.663897,3961.274167,4455.20533,5092.560189,5883.719784,6863.982229,7635.073139,8374.43285,9333.124882,10384.36732,11351.06284,12367.96586,13439.90764,14450.71622,
Cote d'Ivoire,CIV,"GDP per capita, PPP (current international $)",NY.GDP.PCAP.PP.CD,2081.512055,2077.387429,2047.100685,2021.612975,2013.651778,2133.248811,2269.525254,2325.24034,2398.613584,2411.940058,2360.206139,2367.134018,2319.377597,2292.627944,2343.02927,2415.250437,2478.838227,2538.131677,2598.689986,2645.430634,2671.139553,2546.906812,2803.700937,3027.654639,3262.726564,3513.684726,
Cameroon,CMR,"GDP per capita, PPP (current international $)",NY.GDP.PCAP.PP.CD,1789.258373,1726.901947,1662.504905,1522.742747,1542.981123,1595.122677,1657.890457,1728.458535,1784.388818,1836.001013,1905.370959,1984.237936,2041.760122,2111.164252,2192.349746,2256.197358,2339.807259,2417.748926,2472.469533,2475.605671,2522.88181,2614.495561,2715.35411,2840.321368,2986.974188,3115.278819,
"Congo, Dem. Rep.",COD,"GDP per capita, PPP (current international $)",NY.GDP.PCAP.PP.CD,819.3605853,746.584173,656.7518966,559.1560783,528.7577811,525.7872597,514.7595533,481.5914621,467.4798298,443.2927607,410.9759541,399.8600909,405.4826844,423.0995119,449.3959026,476.737205,501.115433,529.2218734,554.8883649,556.7280751,584.2600548,617.1479614,652.3885874,696.8737974,748.9823085,784.3652321,
"Congo, Rep.",COG,"GDP per capita, PPP (current international $)",NY.GDP.PCAP.PP.CD,3397.586071,3501.371141,3580.067405,3535.981191,3324.439887,3436.549232,3552.014034,3493.113944,3564.540556,3433.823369,3684.100083,3819.679366,3965.123278,3985.667797,4137.021948,4482.453591,4770.057891,4675.456706,4879.038556,5125.450614,5482.111376,5632.435875,5803.0888,5949.585277,6307.901691,6381.087257,
Colombia,COL,"GDP per capita, PPP (current international $)",NY.GDP.PCAP.PP.CD,4869.162131,5050.719252,5327.885353,5485.499263,5827.996645,6155.688368,6294.865168,6520.037003,6528.900673,6256.810181,6585.333975,6750.687139,6927.320919,7241.331945,7732.320562,8248.354961,8957.336622,9710.901183,10132.23949,10260.20522,10680.00208,11496.52725,12058.4613,12725.20984,13394.0792,13829.06823,
Comoros,COM,"GDP per capita, PPP (current international $)",NY.GDP.PCAP.PP.CD,1025.25869,973.1297276,1049.070602,1074.736267,1010.43598,1039.187702,1016.089116,1046.379997,1043.18081,1051.765079,1162.375026,1186.637946,1203.0771,1222.978143,1250.253681,1295.42876,1337.740119,1351.097605,1349.836947,1353.195478,1366.097136,1396.033351,1429.09389,1466.937397,1487.777216,1483.440932,
Cabo Verde,CPV,"GDP per capita, PPP (current international $)",NY.GDP.PCAP.PP.CD,1072.881688,1098.18906,1214.281381,1314.933512,1556.830677,1766.690049,1951.156293,2149.792,2386.445015,2634.084751,3014.573813,3091.344374,3245.297399,3393.995816,3791.22093,4137.488011,4566.168268,5365.04509,5803.388602,5739.377528,5850.139556,6147.974534,6256.800841,6327.245992,6475.759662,6556.494711,
Costa Rica,CRI,"GDP per capita, PPP (current international $)",NY.GDP.PCAP.PP.CD,5033.101569,5200.574132,5662.428727,6052.794902,6299.31802,6533.193292,6574.131821,6893.933972,7286.422718,7527.107713,7829.799001,8139.806031,8397.294271,8793.38528,9289.501101,9816.996574,10697.47348,11714.22544,12329.93565,12141.94039,12737.03979,13397.19269,14133.60921,14493.14204,15028.14728,15594.63582,
Caribbean small states,CSS,"GDP per capita, PPP (current international $)",NY.GDP.PCAP.PP.CD,5888.673001,6183.277623,6290.179568,6579.529489,6841.886682,7127.601326,7438.840243,7747.813624,7978.967962,8367.884792,8819.596729,9167.330844,9633.472004,10445.49452,11163.15334,11881.01587,13072.23982,13791.17609,14199.37866,13719.47154,14012.98853,14360.66504,14717.34496,15139.85369,15414.61821,15535.4532,
Cuba,CUB,"GDP per capita, PPP (current international $)",NY.GDP.PCAP.PP.CD,,,,,,,,,,,,,,,,,,,,,,18924.72487,,,,,
Curacao,CUW,"GDP per capita, PPP (current international $)",NY.GDP.PCAP.PP.CD,,,,,,,,,,,,,,,,,,,,,,,,,,,
Cayman Islands,CYM,"GDP per capita, PPP (current international $)",NY.GDP.PCAP.PP.CD,,,,,,,,,,,,,,,,,,,,,,49902.14655,,,,,
Cyprus,CYP,"GDP per capita, PPP (current international $)",NY.GDP.PCAP.PP.CD,13171.30852,13360.01395,14556.56229,14649.16004,15519.28501,16875.82698,17104.25981,17852.88395,18931.23109,19881.07498,21695.82109,23297.38886,23964.81588,24300.66846,26092.06948,28169.41286,30496.04207,32985.92031,34823.58399,33922.88175,33294.91858,33192.52294,31877.64328,30610.88225,30482.6392,31539.4538,
Czech Republic,CZE,"GDP per capita, PPP (current international $)",NY.GDP.PCAP.PP.CD,12608.51034,11542.64622,11733.96243,12008.09208,12615.86958,13688.6408,14538.30224,14679.65409,14864.86577,15289.13816,16132.36975,17556.2157,18141.68646,19361.21368,20781.3434,21909.58517,23751.79204,26058.20042,27784.10457,27567.20246,27659.26524,28797.41796,29047.24644,30513.26979,32386.24531,33770.47593,
Germany,DEU,"GDP per capita, PPP (current international $)",NY.GDP.PCAP.PP.CD,19421.76614,20940.23977,21664.25886,21823.69769,22756.77679,23565.71044,24110.80106,24627.34496,25366.78879,26360.14719,27277.11033,28541.24387,29326.91207,29988.21339,31439.58273,31968.46745,34261.47365,36436.51777,38028.77214,37080.30825,39263.18779,42692.51976,43564.14802,45273.10109,47099.71803,48041.70141,
Djibouti,DJI,"GDP per capita, PPP (current international $)",NY.GDP.PCAP.PP.CD,2011.669583,1916.979786,1909.10633,1790.42486,1781.667213,1725.647095,1654.48628,1639.942194,1629.415117,1660.912953,1677.661256,1723.537812,1768.428111,1833.863819,1928.388215,2025.13427,2158.330859,2298.569959,2447.953808,2557.639707,2644.628229,2782.971292,2932.233342,3087.004985,3286.641767,3491.380145,
Dominica,DMA,"GDP per capita, PPP (current international $)",NY.GDP.PCAP.PP.CD,4349.393167,4526.526365,4715.910921,4893.622025,5057.437659,5265.241471,5520.090695,5729.678517,6120.058371,6291.34614,6479.326599,6660.152576,6629.942949,7255.775062,7668.371134,7883.80026,8346.566932,9096.812961,9923.669269,9866.200557,10029.56748,10179.37964,10215.49621,10413.98561,10992.97181,10864.53842,
Denmark,DNK,"GDP per capita, PPP (current international $)",NY.GDP.PCAP.PP.CD,18214.33344,19033.43517,19782.76543,20188.23369,21644.08707,22646.19818,23712.23389,24908.40648,25787.40214,26653.82934,28640.06243,29517.2164,30640.34504,30784.41611,32931.9465,34150.1558,37317.11644,38953.19989,41278.32884,40380.94447,43082.75554,44403.39415,44803.96224,46769.08946,47847.83933,49020.39451,
Dominican Republic,DOM,"GDP per capita, PPP (current international $)",NY.GDP.PCAP.PP.CD,3404.302645,3482.008821,3860.476527,4158.220734,4265.184609,4512.231646,4838.462489,5227.704216,5564.321986,5933.914295,6312.259192,6471.262809,6844.556135,6858.160254,7033.12797,7816.304264,8788.886623,9671.448304,10038.08254,10072.82363,10898.51939,11320.85225,11702.24699,12302.03941,13313.84,14237.06196,
Algeria,DZA,"GDP per capita, PPP (current international $)",NY.GDP.PCAP.PP.CD,6616.21045,6591.116488,6704.492342,6573.536464,6517.88551,6777.093809,7059.781758,7144.008184,7477.463799,7725.416203,8093.28839,8416.988315,8912.710928,9623.434463,10180.67135,10978.29467,11342.04864,11856.53537,12179.24741,12263.93114,12638.38041,13026.1917,13449.27,13770.07902,14268.15555,14688.2033,
East Asia & Pacific (excluding high income),EAP,"GDP per capita, PPP (current international $)",NY.GDP.PCAP.PP.CD,1436.081192,1574.534412,1751.521364,1954.228653,2175.869376,2403.665667,2630.359282,2821.611651,2844.639782,3024.833306,3288.285946,3547.981487,3844.099955,4218.759763,4674.672003,5237.950074,5916.355062,6748.16292,7390.0237,7939.925957,8746.599242,9596.872789,10426.69744,11266.69867,12143.4593,12967.71665,
Early-demographic dividend,EAR,"GDP per capita, PPP (current international $)",NY.GDP.PCAP.PP.CD,2619.61937,2765.186498,2895.929818,3070.739317,3179.234897,3286.315698,3466.605869,3615.797643,3648.71095,3747.636956,3937.482867,4037.189523,4120.870884,4339.644976,4684.60448,5086.251478,5536.106107,5982.708137,6283.520282,6416.545005,6849.887743,7262.62753,7563.434873,7902.233864,8288.206462,8646.854193,
East Asia & Pacific,EAS,"GDP per capita, PPP (current international $)",NY.GDP.PCAP.PP.CD,3179.4919,3420.856559,3642.76645,3891.724868,4189.121362,4506.52907,4825.54096,5074.529652,5072.3604,5310.80387,5708.154421,6012.072887,6380.534601,6796.858062,7382.859333,8035.724406,8823.226285,9766.990011,10393.29752,10788.2121,11726.06312,12617.05074,13487.71289,14414.50053,15281.00376,16106.1327,
Europe & Central Asia (excluding high income),ECA,"GDP per capita, PPP (current international $)",NY.GDP.PCAP.PP.CD,6420.294187,6231.644935,5696.053047,5460.389652,4942.52183,4936.506924,5014.065456,5221.745515,5225.615961,5399.183463,6032.557889,6406.58176,6850.02665,7569.665681,8473.405592,9505.217109,11375.68224,12663.43807,14547.73576,14047.98505,15026.16967,16916.02961,17614.84077,17571.93127,18424.57429,18440.91857,
Europe & Central Asia,ECS,"GDP per capita, PPP (current international $)",NY.GDP.PCAP.PP.CD,11543.53765,11835.65565,11866.1232,11936.64786,12153.78885,12609.07357,13063.67058,13637.70058,14122.66662,14683.95362,15814.59816,16647.44887,17413.08899,18070.1137,19194.55354,20216.72558,22370.74274,23943.55474,25578.84869,24878.17947,25935.32366,27590.99204,28204.02241,28873.82397,29837.42652,30428.05511,
Ecuador,ECU,"GDP per capita, PPP (current international $)",NY.GDP.PCAP.PP.CD,4829.419559,5083.469021,5187.934138,5294.740906,5514.179446,5633.175892,5714.026721,5940.552251,6079.388543,5768.535656,5855.634754,6120.931848,6360.97068,6555.373235,7169.973366,7664.289831,8110.479754,8366.130132,8920.477364,8889.192349,9163.157909,9926.952496,10512.4367,11037.51238,11506.2044,11474.14077,
"Egypt, Arab Rep.",EGY,"GDP per capita, PPP (current international $)",NY.GDP.PCAP.PP.CD,3887.241533,3968.997336,4150.7333,4286.454063,4465.105996,4681.098229,4912.977521,5177.113336,5348.06362,5659.24772,5989.66348,6227.450846,6353.465917,6563.171063,6890.970026,7297.265761,7895.792084,8531.592455,9159.31538,9485.180355,9897.748551,10071.20526,10252.52298,10400.45967,10585.12456,10913.43317,
Euro area,EMU,"GDP per capita, PPP (current international $)",NY.GDP.PCAP.PP.CD,16953.81784,17926.32372,18507.4605,18742.30455,19556.39026,20407.8532,21064.18909,21915.34687,22937.70212,23853.78468,25323.13497,26572.08471,27558.34261,27972.98778,29099.67215,30121.58912,32547.55138,34411.51545,35750.94905,34885.63578,35881.9112,37436.36967,37799.4863,39016.56095,39981.92793,41106.9367,
Eritrea,ERI,"GDP per capita, PPP (current international $)",NY.GDP.PCAP.PP.CD,,,748.7916634,872.4594335,1081.123724,1129.398736,1241.388568,1338.250831,1345.146259,1329.1041,1277.34506,1374.249997,1386.625879,1327.699789,1337.520796,1373.42127,1365.039126,1388.50525,1250.467298,1282.333846,1299.289896,1411.157638,,,,,
Spain,ESP,"GDP per capita, PPP (current international $)",NY.GDP.PCAP.PP.CD,13626.44585,14401.76937,14794.30811,14912.55109,15518.81122,16207.6424,16916.96643,17856.36694,19009.95927,19907.16145,21517.32964,22963.37842,24363.01492,25054.49149,26198.5836,27702.46431,30832.97075,32584.25538,33463.11447,32423.60174,31984.15525,32067.19245,31986.50036,32631.4799,33687.89552,34727.14651,
Estonia,EST,"GDP per capita, PPP (current international $)",NY.GDP.PCAP.PP.CD,,,,,,6279.790329,6825.838136,7836.594617,8357.092442,8426.538467,9414.013216,10326.42157,11590.60138,13063.92163,14429.62353,16516.15033,19269.07593,21955.65696,22664.0385,20523.34676,21623.44511,24543.06188,26022.46551,27459.33143,28568.49628,28987.75834,
Ethiopia,ETH,"GDP per capita, PPP (current international $)",NY.GDP.PCAP.PP.CD,421.6368044,390.5334758,351.9444123,393.3792814,400.4256014,419.6461615,465.4488021,473.6835829,448.8913701,465.6063997,490.7276557,528.0815436,528.859882,512.8753943,581.8370686,653.1160506,725.9606023,808.5189863,889.2679648,949.4938973,1053.796725,1165.216838,1256.682208,1376.760329,1507.202418,1628.923132,
European Union,EUU,"GDP per capita, PPP (current international $)",NY.GDP.PCAP.PP.CD,14962.41565,15602.84399,16063.30219,16371.39102,17155.62615,17965.15912,18690.91395,19490.84947,20332.07903,21132.36192,22547.42051,23718.8009,24723.44992,25317.27979,26563.47775,27494.40829,29754.19406,31497.24856,32917.45069,32147.88315,33275.46604,34703.80536,35241.31037,36478.22133,37562.68535,38703.54049,
Fragile and conflict affected situations,FCS,"GDP per capita, PPP (current international $)",NY.GDP.PCAP.PP.CD,1837.67115,1433.766786,1524.019822,1632.158054,1684.089445,1733.128155,1835.580788,1977.508706,2210.86305,2372.595991,2425.825868,2494.025263,2449.71473,2306.073238,2665.011546,2862.426347,3078.952275,3252.956729,3421.963672,3519.621399,3691.165904,3487.211082,3704.131806,3888.786082,3984.449822,4008.472814,
Finland,FIN,"GDP per capita, PPP (current international $)",NY.GDP.PCAP.PP.CD,18148.28541,17547.16071,17253.26892,17449.38412,18443.07446,19545.09789,20058.68367,21763.46776,23534.61233,24768.6467,26732.30607,27834.34369,28567.1712,28983.18388,31140.14073,31993.40726,34382.7959,37688.35192,39969.3876,37868.72341,38812.31889,40683.52758,40620.17607,41330.81297,41548.47127,42309.38927,
Fiji,FJI,"GDP per capita, PPP (current international $)",NY.GDP.PCAP.PP.CD,3807.745846,3792.636847,4065.606057,4191.934903,4436.944864,4583.86044,4835.582624,4759.300199,4828.096225,5292.487532,5289.881526,5498.361895,5750.991895,5917.54346,6388.986144,6612.72357,6895.412504,6956.99653,7094.677515,6977.90919,7203.348993,7486.748442,7707.562741,8248.546759,8793.96642,9323.198408,
France,FRA,"GDP per capita, PPP (current international $)",NY.GDP.PCAP.PP.CD,17640.66127,18402.61297,19028.35451,19278.02151,20075.18185,20845.77231,21446.39974,22345.58508,23454.05637,24431.72685,26192.6532,27679.85837,28639.39476,28256.66167,29169.45643,30603.4624,32543.36126,34150.6017,35156.38284,34767.15426,36026.98256,37457.28429,37645.31028,39539.39235,40151.81338,41016.6515,
Faroe Islands,FRO,"GDP per capita, PPP (current international $)",NY.GDP.PCAP.PP.CD,,,,,,,,,,,,,,,,,,,,,,,,,,,
"Micronesia, Fed. Sts.",FSM,"GDP per capita, PPP (current international $)",NY.GDP.PCAP.PP.CD,1785.85373,1932.813794,2003.148916,2163.881109,2154.180074,2322.074494,2274.273651,2169.601209,2263.602896,2339.295593,2510.505151,2618.918312,2679.749903,2787.440989,2777.808993,2939.534421,3039.720826,3073.794899,3071.641995,3140.10039,3269.641343,3410.284084,3491.347436,3414.716961,3347.052189,3496.715225,
Gabon,GAB,"GDP per capita, PPP (current international $)",NY.GDP.PCAP.PP.CD,12603.20518,13451.68378,12983.50163,13458.50429,13888.06228,14501.74903,14911.57518,15631.09536,15942.22224,14381.17485,14090.04663,14381.52556,14241.02437,14525.7852,14699.89337,15418.57284,14976.12856,15884.175,15310.98903,14993.92654,16004.05452,17100.70052,17919.06448,18805.49394,19526.55499,20081.02749,
United Kingdom,GBR,"GDP per capita, PPP (current international $)",NY.GDP.PCAP.PP.CD,16739.14676,17049.95597,17454.11281,18273.50841,19338.16087,20182.81813,21507.45032,22699.16377,23232.24082,23975.97317,26030.72882,27358.97189,28630.36796,29898.23589,31617.61228,32274.76374,34332.30121,35151.34069,36068.09323,34402.96146,35740.7372,36456.00216,37477.80229,39052.0334,40745.18704,41801.04948,
Georgia,GEO,"GDP per capita, PPP (current international $)",NY.GDP.PCAP.PP.CD,5181.45078,4194.627513,2345.687497,1684.859702,1557.45939,1675.250875,1945.335336,2227.538901,2344.546744,2467.865217,2590.318568,2796.855796,3015.447723,3460.150847,3813.189314,4370.338613,4991.617909,5833.183782,6163.757923,6054.18918,6597.568557,7315.090898,8026.50713,8541.812196,9216.324829,9599.482204,
Ghana,GHA,"GDP per capita, PPP (current international $)",NY.GDP.PCAP.PP.CD,1240.698731,1312.519502,1355.869037,1415.586491,1453.926485,1506.415308,1566.363957,1622.291798,1678.718097,1739.193885,1801.414609,1869.605841,1934.169986,2022.458663,2138.098453,2277.11343,2433.306078,2539.986328,2754.883755,2837.014241,3021.484976,3430.857389,3726.643939,3967.467392,4101.928098,4210.498292,
Gibraltar,GIB,"GDP per capita, PPP (current international $)",NY.GDP.PCAP.PP.CD,,,,,,,,,,,,,,,,,,,,,,,,,,,
Guinea,GIN,"GDP per capita, PPP (current international $)",NY.GDP.PCAP.PP.CD,727.271403,730.7851621,727.9567748,738.6505341,744.6864123,762.2106142,784.6316346,818.6006554,840.863357,870.9270816,897.2866291,934.6752314,980.677489,994.4690338,1025.484863,1067.176894,1101.311518,1121.685385,1168.519104,1142.493636,1147.084986,1183.855846,1219.547152,1233.798236,1227.342924,1208.986093,
"Gambia, The",GMB,"GDP per capita, PPP (current international $)",NY.GDP.PCAP.PP.CD,980.4609596,1008.621501,1033.581903,1059.133345,1053.734894,1055.548052,1068.544681,1108.775335,1127.792878,1183.693401,1239.85596,1301.171386,1238.551908,1307.373367,1392.266871,1378.258458,1391.004943,1432.975327,1495.875866,1553.394439,1621.4316,1532.494004,1599.179616,1648.182979,1638.58817,1679.684387,
Guinea-Bissau,GNB,"GDP per capita, PPP (current international $)",NY.GDP.PCAP.PP.CD,972.758455,1032.944074,1044.407136,1067.55345,1100.414828,1147.204389,1275.431118,1351.885546,961.5819112,965.3972998,1019.007493,1042.69746,1026.335691,1030.710138,1065.418025,1122.331846,1158.335825,1200.969272,1236.320908,1258.321264,1299.725617,1416.311672,1382.504406,1382.083419,1407.823945,1455.803634,
Equatorial Guinea,GNQ,"GDP per capita, PPP (current international $)",NY.GDP.PCAP.PP.CD,730.7234198,722.4062188,961.8430676,1055.933411,1215.212881,1408.283112,2308.858915,5674.65711,6864.05668,8467.341094,9898.93403,15995.75024,18764.6411,21099.46469,28958.75603,33800.34744,36369.47151,41745.17076,48647.6828,48205.19212,43124.98306,45500.22679,48710.70456,46061.32229,45218.09786,40718.82968,
Greece,GRC,"GDP per capita, PPP (current international $)",NY.GDP.PCAP.PP.CD,13290.18183,13989.3086,14298.74248,14320.23047,14842.96948,15398.59385,16130.08354,17142.15961,18015.1668,18464.7321,19503.87943,21011.65923,22615.93565,23868.73321,25455.24812,25577.52408,28535.92343,29280.43976,30856.01183,30396.43136,28202.83336,26141.31959,25284.46408,26121.45746,26453.9199,26379.26353,
Grenada,GRD,"GDP per capita, PPP (current international $)",NY.GDP.PCAP.PP.CD,4840.285505,5107.307878,5168.274873,5093.872082,5286.30865,5484.78997,5780.213368,6130.093961,6590.46297,7355.20887,7649.96964,7648.712433,8013.328394,8922.936652,9083.555118,10589.96245,10445.51878,11347.02395,11640.41651,10914.85828,10951.88411,11221.36234,11252.55682,11656.17787,12684.19675,13558.54522,
Greenland,GRL,"GDP per capita, PPP (current international $)",NY.GDP.PCAP.PP.CD,,,,,,,,,,,,,,,,,,,,,,,,,,,
Guatemala,GTM,"GDP per capita, PPP (current international $)",NY.GDP.PCAP.PP.CD,3334.690999,3485.555048,3646.532917,3785.091739,3923.525859,4101.740054,4196.849383,4348.637154,4505.504682,4637.178907,4796.211112,4899.196859,5042.345421,5146.756256,5326.040236,5544.964046,5885.934894,6280.308986,6468.71338,6410.637712,6532.757614,6798.842734,6981.506844,7205.590414,7485.844234,7722.430217,
Guam,GUM,"GDP per capita, PPP (current international $)",NY.GDP.PCAP.PP.CD,,,,,,,,,,,,,,,,,,,,,,,,,,,
Guyana,GUY,"GDP per capita, PPP (current international $)",NY.GDP.PCAP.PP.CD,1892.509014,2080.560688,2294.259866,2533.694996,2795.274922,2981.578768,3259.661227,3504.332016,3465.490687,3608.957282,3630.312326,3791.759291,3890.723888,3931.431099,4174.70205,4222.810265,4568.370074,5006.187119,5188.181989,5381.980363,5666.104561,6077.186038,6465.612628,6889.268372,7254.695425,7521.728758,
High income,HIC,"GDP per capita, PPP (current international $)",NY.GDP.PCAP.PP.CD,18117.91587,18862.9982,19620.12258,20241.51219,21242.93437,22165.93324,23155.3812,24204.76154,25004.67311,26057.36135,27694.49708,28650.17397,29580.00278,30540.47869,32253.01377,33819.21193,35999.72592,37766.22692,38695.92831,37699.61678,39123.51681,40679.52258,41806.70341,43237.33907,44490.71117,45648.25508,
"Hong Kong SAR, China",HKG,"GDP per capita, PPP (current international $)",NY.GDP.PCAP.PP.CD,17434.42814,18884.66588,20347.87323,21747.01934,23025.99294,23592.39427,23958.71171,25399.16948,23963.57248,24703.128,26962.67452,27528.1532,28288.24558,29792.901,33016.8887,36437.54416,39940.87506,43280.97329,44800.21714,43935.66067,47134.57428,50085.95933,51274.0352,53465.19641,55463.74033,56923.49054,
Honduras,HND,"GDP per capita, PPP (current international $)",NY.GDP.PCAP.PP.CD,2071.681075,2149.882547,2260.45445,2394.395672,2352.679924,2438.691653,2512.519314,2622.949312,2669.215947,2602.822647,2757.106279,2838.432976,2931.453008,3065.806785,3283.477157,3527.934934,3804.977338,4074.296097,4255.012759,4113.030501,4249.093103,4433.71931,4632.095108,4768.688973,4933.04263,5095.204056,
Heavily indebted poor countries (HIPC),HPC,"GDP per capita, PPP (current international $)",NY.GDP.PCAP.PP.CD,946.2968764,958.4921839,946.175322,951.6452848,948.2006592,984.8673118,1029.486502,1062.781427,1081.745876,1103.459092,1130.589146,1174.694036,1198.924621,1242.61964,1308.745284,1395.466424,1484.885849,1581.388297,1662.831734,1702.152713,1772.657765,1847.011117,1936.790534,2025.456211,2116.712233,2186.355862,
Croatia,HRV,"GDP per capita, PPP (current international $)",NY.GDP.PCAP.PP.CD,,,,,,7862.061128,8795.455833,9367.621383,9829.28835,9748.725407,10746.62426,11325.53079,12283.75064,13121.73941,14097.61059,14859.25852,16934.67812,18770.78942,20246.91943,19470.69385,19205.36137,20704.38177,21133.11215,21681.20041,22002.48007,22514.41659,
Haiti,HTI,"GDP per capita, PPP (current international $)",NY.GDP.PCAP.PP.CD,,,,,,,1274.710581,1307.561784,1326.627225,1359.415655,1378.691725,1372.370556,1367.566327,1377.794314,1344.44533,1390.757027,1442.973527,1507.278187,1526.153627,1561.374256,1471.648649,1562.304129,1614.085821,1686.25672,1740.956814,1757.435678,
Hungary,HUN,"GDP per capita, PPP (current international $)",NY.GDP.PCAP.PP.CD,,8283.030374,8215.468108,8372.021119,8814.233067,9144.820653,9316.662937,9792.323202,10377.73894,10873.54591,11843.46202,13230.65451,14516.15372,15417.62289,16198.91678,17014.32672,18230.03521,18933.88843,20586.08921,20573.3759,21466.57422,22729.18447,22997.74493,24388.38959,25516.84701,26457.58345,
IBRD only,IBD,"GDP per capita, PPP (current international $)",NY.GDP.PCAP.PP.CD,2851.907051,2934.501497,3020.472756,3193.122266,3322.302938,3480.482759,3685.288117,3885.61531,3961.700534,4130.4214,4415.587245,4634.669349,4859.251272,5194.954171,5698.701936,6267.872768,7016.322384,7780.217145,8412.154251,8675.42468,9392.322488,10165.91441,10748.79802,11290.5387,11935.77004,12441.28077,
IDA & IBRD total,IBT,"GDP per capita, PPP (current international $)",NY.GDP.PCAP.PP.CD,2509.205171,2578.653002,2647.612062,2785.268352,2888.7676,3018.99908,3188.323047,3349.2443,3411.615707,3546.337202,3776.920166,3954.991203,4132.763433,4405.228591,4830.143191,5290.165599,5888.531481,6495.031098,6989.081547,7196.200359,7751.49285,8345.894919,8798.234086,9223.308895,9726.813303,10107.5906,
IDA total,IDA,"GDP per capita, PPP (current international $)",NY.GDP.PCAP.PP.CD,1286.984066,1323.243903,1346.142158,1374.719617,1404.953504,1456.406998,1523.144243,1569.12839,1605.697499,1647.613102,1721.551659,1791.873256,1845.578859,1946.554658,2159.224659,2316.261918,2494.334023,2669.682849,2801.089062,2896.056156,3036.409878,3175.264087,3320.923542,3487.272531,3670.692577,3786.183681,
IDA blend,IDB,"GDP per capita, PPP (current international $)",NY.GDP.PCAP.PP.CD,1793.634016,1856.680162,1912.469234,1961.9501,2023.022408,2093.738262,2196.891079,2258.946946,2311.03182,2362.427574,2480.518436,2566.807277,2651.362947,2815.446986,3233.810141,3463.647889,3741.347846,3993.892762,4172.413745,4319.654566,4519.387073,4746.067142,4968.302928,5202.74076,5486.916921,5675.579547,
Indonesia,IDN,"GDP per capita, PPP (current international $)",NY.GDP.PCAP.PP.CD,2989.53415,3245.705697,3476.128596,3728.255355,4029.942294,4383.945119,4741.509051,4976.456315,4308.541116,4347.999188,4601.849359,4812.061278,5037.167516,5311.400764,5655.993914,6088.879231,6534.27416,7040.66979,7511.417369,7815.70713,8294.05435,8870.284189,9453.698228,10009.86024,10566.95298,11057.56072,
IDA only,IDX,"GDP per capita, PPP (current international $)",NY.GDP.PCAP.PP.CD,975.9605632,996.4280171,999.2615979,1016.650219,1029.248011,1071.614507,1118.098866,1156.77378,1186.087202,1225.101272,1274.710305,1339.399939,1377.769512,1444.432706,1536.686575,1655.475605,1779.409179,1914.540673,2023.174678,2091.195218,2200.386926,2290.933113,2395.653979,2526.540833,2655.554299,2732.35403,
Isle of Man,IMN,"GDP per capita, PPP (current international $)",NY.GDP.PCAP.PP.CD,,,,,,,,,,,,,,,,,,,,,,,,,,,
India,IND,"GDP per capita, PPP (current international $)",NY.GDP.PCAP.PP.CD,1146.027972,1172.563612,1239.995548,1303.896725,1393.002443,1500.681341,1612.534898,1674.869744,1764.878225,1915.390649,1998.488658,2105.841013,2182.244557,2361.334849,2576.537621,2860.885701,3172.707329,3484.75621,3637.75583,3920.160158,4315.439627,4634.945162,4915.572431,5255.475588,5663.729107,6104.576245,
Not classified,INX,"GDP per capita, PPP (current international $)",NY.GDP.PCAP.PP.CD,,,,,,,,,,,,,,,,,,,,,,,,,,,
Ireland,IRL,"GDP per capita, PPP (current international $)",NY.GDP.PCAP.PP.CD,13734.53611,14382.60058,15098.90796,15795.23246,16992.75195,18921.21329,20475.98405,22607.22652,25042.21836,27019.98162,30155.26893,32615.93246,35209.84482,36235.8479,38696.59148,40444.61274,44246.44571,46763.04203,44264.42988,41567.21134,43221.45979,45477.01046,46552.97925,48353.67906,51310.98417,68513.97407,
"Iran, Islamic Rep.",IRN,"GDP per capita, PPP (current international $)",NY.GDP.PCAP.PP.CD,6575.583579,7508.874979,7818.409534,7795.259816,7735.27184,7976.634485,8498.849499,8603.933181,8712.140303,8860.448528,9435.981839,9739.503969,10548.37795,11547.40372,12236.62544,13011.73786,14016.40034,15526.55584,15798.96459,16100.89151,17163.07927,17949.24442,16853.78282,16581.85058,17388.43094,,
Iraq,IRQ,"GDP per capita, PPP (current international $)",NY.GDP.PCAP.PP.CD,7442.848865,2691.915566,3548.713757,4595.895782,4729.199334,4781.224506,5239.797908,6261.992841,8274.354902,9581.242071,9647.867025,9810.552687,9019.144263,5989.182462,9237.933315,9697.903736,10733.44505,10893.2098,11715.84706,11875.01418,12417.76967,13203.0478,14813.56491,15501.32754,15266.47091,15394.76875,
Iceland,ISL,"GDP per capita, PPP (current international $)",NY.GDP.PCAP.PP.CD,22129.16802,22551.70055,22009.24291,22597.90812,23705.32406,24096.88025,24998.13223,26945.36405,28572.16552,29390.76035,29497.91123,31617.99896,32191.5696,32303.16578,35294.70583,36964.52768,38722.99858,40723.44413,42677.53536,41063.7324,38410.6693,39465.84594,40486.93782,42669.5402,44331.3265,47717.23742,
Israel,ISR,"GDP per capita, PPP (current international $)",NY.GDP.PCAP.PP.CD,13395.0802,13824.1175,14619.11308,15134.10671,16127.69171,19678.64767,20729.79183,21398.69373,22032.03706,22604.38227,24941.91939,24948.6199,25218.39625,23788.00887,25222.88543,24885.21849,25775.11425,27623.89333,27516.22992,27578.42911,28856.10274,30528.74772,31750.63001,34255.97254,34956.82913,36575.94165,
Italy,ITA,"GDP per capita, PPP (current international $)",NY.GDP.PCAP.PP.CD,18546.22739,19444.88923,20040.46078,20329.85735,21204.78316,22271.61775,22969.28367,23802.36547,24921.55117,25531.62414,27006.39772,27996.73118,28641.55892,29079.55062,29468.15937,30051.77252,32350.57784,33983.15182,35402.91755,34549.27609,35075.7532,36347.34335,36237.10964,36163.74881,36293.80318,37217.38433,
Jamaica,JAM,"GDP per capita, PPP (current international $)",NY.GDP.PCAP.PP.CD,4785.172034,5146.405329,5323.015266,5910.160691,6063.586244,6277.908766,6327.297653,6304.221844,6168.401581,6275.10529,6424.186639,6612.594492,6805.439747,7154.770854,7409.049796,7675.924621,8100.11663,8393.716919,8449.018008,8107.827522,8051.846149,8326.450416,8394.735755,8541.585957,8723.178661,8872.907305,
Jordan,JOR,"GDP per capita, PPP (current international $)",NY.GDP.PCAP.PP.CD,4305.512119,4299.270566,4932.229959,4998.746243,5104.68471,5321.441538,5372.469092,5523.510749,5656.067113,5849.663243,6136.91822,6494.909685,6851.293727,7129.321426,7754.094946,8395.072853,9019.720151,9618.181469,10077.61523,10271.31861,10229.91751,10324.44669,10432.1751,10567.60645,10788.92301,10902.47325,
Japan,JPN,"GDP per capita, PPP (current international $)",NY.GDP.PCAP.PP.CD,19229.66581,20466.64704,21052.31921,21536.85562,22368.10145,23416.55178,24535.93178,25141.54936,25061.77766,25325.70726,26795.20743,27476.91553,28160.10761,28867.92278,30382.78917,31663.4531,33057.58961,34529.13336,34798.7659,33099.27036,34996.32446,35779.09741,37211.06922,39023.0717,39449.4426,40763.4037,
Kazakhstan,KAZ,"GDP per capita, PPP (current international $)",NY.GDP.PCAP.PP.CD,8434.960627,7708.657901,7471.688544,6991.931718,6332.205205,6039.10301,6274.410381,6593.64628,6652.406839,7002.960924,7887.892984,9172.369178,10225.4459,11360.99333,12705.43385,14259.0187,16098.51091,17793.14788,18513.92541,18387.20191,19690.38497,21277.70637,22392.20367,23773.81933,24845.45414,25044.87801,
Kenya,KEN,"GDP per capita, PPP (current international $)",NY.GDP.PCAP.PP.CD,1535.668458,1557.277993,1529.81504,1523.360966,1549.731759,1605.603975,1657.716687,1651.440248,1682.157691,1704.797461,1710.876774,1770.558985,1761.750776,1802.214527,1896.195018,2019.359786,2158.893935,2306.86625,2296.312423,2327.843369,2487.224552,2622.730169,2718.986459,2843.351205,2969.023249,3088.794229,
Kyrgyz Republic,KGZ,"GDP per capita, PPP (current international $)",NY.GDP.PCAP.PP.CD,2245.792715,2103.672424,1831.53856,1584.779171,1293.884353,1236.819912,1328.807047,1464.04839,1488.331303,1543.245479,1644.311975,1754.554341,1764.905161,1906.556261,2071.417492,2110.377936,2218.727934,2448.899199,2681.122187,2746.102655,2733.729337,2920.60321,2922.702873,3229.349349,3351.528671,3433.680163,
Cambodia,KHM,"GDP per capita, PPP (current international $)",NY.GDP.PCAP.PP.CD,,,,707.0803498,761.3493085,801.0642921,834.2719347,871.214874,900.7307851,998.8246051,1086.55943,1176.442768,1250.965446,1360.912011,1518.086216,1746.878825,1964.211764,2189.504168,2346.803965,2331.425309,2462.45279,2648.650018,2846.657445,3058.214429,3278.832085,3490.419028,
Kiribati,KIR,"GDP per capita, PPP (current international $)",NY.GDP.PCAP.PP.CD,1267.554619,1286.873047,1308.664742,1334.514425,1369.199205,1378.820287,1406.436266,1431.080402,1515.652598,1489.368315,1590.908787,1576.121796,1632.689646,1669.056465,1656.209922,1759.48203,1748.357037,1795.309772,1757.886156,1738.760095,1696.578084,1706.383125,1794.400591,1894.621967,1940.561684,1994.767601,
St. Kitts and Nevis,KNA,"GDP per capita, PPP (current international $)",NY.GDP.PCAP.PP.CD,9259.739493,9322.216146,9858.170168,10676.87759,11340.5919,12093.26073,12887.70327,13854.53545,13752.86371,14260.74863,15113.47007,15991.45567,16282.1674,15930.36275,16859.47526,18736.49471,20169.98253,20409.92661,21847.77648,21091.28497,20615.59909,21283.33027,21283.37306,22696.87541,24194.39239,25088.1606,
"Korea, Rep.",KOR,"GDP per capita, PPP (current international $)",NY.GDP.PCAP.PP.CD,8436.246014,9533.0266,10216.31714,11033.43674,12088.22443,13371.98967,14556.46664,15481.59918,14696.30532,16428.84666,18083.08126,19189.56937,20784.9456,21389.24607,22967.81286,24219.78886,25863.21949,27872.08837,28718.04484,28392.75636,30465.24505,31327.1269,32222.59394,32816.15889,33856.57883,34647.07478,
Kuwait,KWT,"GDP per capita, PPP (current international $)",NY.GDP.PCAP.PP.CD,,,,,,58117.76583,59505.03751,60242.10005,60267.03206,57276.44483,58904.02452,58839.07136,59961.95117,69909.19638,76978.40709,83703.23667,87875.56333,90003.76351,88250.00289,77582.1493,72204.3813,76308.59071,78492.39685,76767.89073,75197.02929,74645.48246,
Latin America & Caribbean (excluding high income),LAC,"GDP per capita, PPP (current international $)",NY.GDP.PCAP.PP.CD,5726.902175,6047.446542,6263.180273,6882.849006,7235.519894,7265.581205,7496.623718,7891.509305,8011.264663,8044.858384,8406.328673,8504.266252,8528.245127,8735.071097,9404.860827,10081.0365,10879.40045,11683.42753,12308.13914,12110.13239,12845.09824,13830.99921,14287.55136,14759.61202,15068.82945,14956.94238,
Lao PDR,LAO,"GDP per capita, PPP (current international $)",NY.GDP.PCAP.PP.CD,1045.000844,1094.307858,1148.53012,1211.773854,1304.384919,1391.451811,1481.909906,1578.324899,1627.791909,1742.705879,1855.126727,1976.265761,2095.380299,2235.675887,2408.704086,2622.999124,2889.424996,3137.505366,3389.004053,3606.646476,3894.025214,4222.178629,4568.912673,4954.368504,5333.525388,5691.257819,
Lebanon,LBN,"GDP per capita, PPP (current international $)",NY.GDP.PCAP.PP.CD,5080.253053,7124.293907,7427.335468,7914.622047,8513.411396,9079.572794,9601.301933,9475.324495,9854.471567,9825.214516,9936.071581,10164.78825,10179.54985,10199.93341,10635.27605,10927.81332,11240.9978,12531.43013,13862.01357,15139.91798,15951.90136,15683.58332,15221.44686,14535.741,14189.75726,13936.25829,
Liberia,LBR,"GDP per capita, PPP (current international $)",NY.GDP.PCAP.PP.CD,,,,,,,,,461.0350644,531.6851246,663.0650547,673.1113023,692.5550687,484.9723443,501.664453,530.9610917,571.1992315,617.2337093,646.6985008,659.4439242,683.7921258,732.6330069,784.5123573,845.6718356,846.5670329,835.3669347,
Libya,LBY,"GDP per capita, PPP (current international $)",NY.GDP.PCAP.PP.CD,,,,,,,,,,16730.8571,17435.83155,17224.98889,17039.09332,19322.86512,20397.96471,23154.43219,24962.8054,26753.94741,27525.07035,27135.35654,28583.466,11023.43714,,,,,
St. Lucia,LCA,"GDP per capita, PPP (current international $)",NY.GDP.PCAP.PP.CD,5130.86842,5366.763058,5801.064403,6021.556621,6165.397155,6422.31502,6804.872698,6855.756891,7270.671758,7458.253273,7869.959244,7705.898848,7751.139145,8204.545673,9028.111906,9136.551459,10054.88328,10153.56044,10623.91123,10516.05123,10333.85409,10461.42512,10406.22658,10498.77226,10655.13978,10944.33413,
Latin America & Caribbean,LCN,"GDP per capita, PPP (current international $)",NY.GDP.PCAP.PP.CD,5804.980615,6132.10575,6369.168456,6984.208619,7347.262375,7409.139705,7660.86134,8070.08787,8210.511236,8248.05308,8631.713552,8759.236843,8794.814945,9022.641575,9705.586619,10399.4869,11258.89647,12071.39445,12666.27269,12464.71399,13232.57401,14234.93436,14708.69661,15205.16014,15524.20083,15434.341,
Least developed countries: UN classification,LDC,"GDP per capita, PPP (current international $)",NY.GDP.PCAP.PP.CD,847.7882185,867.221015,873.7615446,877.5712961,895.0484386,936.8689887,983.0367793,1024.686539,1053.167586,1091.936134,1142.197264,1207.332621,1241.705706,1307.789785,1403.113568,1529.780185,1662.106947,1814.730541,1940.486426,2009.164398,2104.767764,2182.864682,2275.320288,2391.941046,2509.388988,2566.273101,
Low income,LIC,"GDP per capita, PPP (current international $)",NY.GDP.PCAP.PP.CD,739.8346071,748.1970763,721.8535729,724.5700538,733.3298864,756.4655812,795.112293,814.5328978,825.1238818,844.2858032,860.172607,898.3286349,906.111164,929.0129803,982.349084,1048.015031,1106.637143,1177.649169,1230.970661,1273.434989,1336.879033,1404.594767,1446.162155,1514.229548,1591.413972,1635.942891,
Liechtenstein,LIE,"GDP per capita, PPP (current international $)",NY.GDP.PCAP.PP.CD,,,,,,,,,,,,,,,,,,,,,,,,,,,
Sri Lanka,LKA,"GDP per capita, PPP (current international $)",NY.GDP.PCAP.PP.CD,2369.185708,2526.918444,2664.673197,2882.752846,3077.032251,3284.274687,3445.385334,3705.825002,3900.335345,4106.477766,4422.564855,4419.803392,4630.59243,4965.727538,5339.521248,5811.505852,6400.816758,6964.986319,7467.591882,7731.668695,8389.990393,9213.320943,10163.85871,10595.71291,11210.29799,11762.77758,
Lower middle income,LMC,"GDP per capita, PPP (current international $)",NY.GDP.PCAP.PP.CD,1783.483962,1830.43285,1888.665554,1942.023623,2010.444461,2114.541145,2237.389147,2321.121741,2324.641063,2432.381898,2553.445784,2677.94883,2777.384039,2963.080922,3236.699581,3513.388717,3832.002664,4156.419967,4370.303609,4563.636637,4890.293125,5182.098345,5465.985934,5779.609313,6122.964554,6443.139519,
Low & middle income,LMY,"GDP per capita, PPP (current international $)",NY.GDP.PCAP.PP.CD,2454.012308,2524.904626,2589.923137,2724.355884,2823.162252,2947.139574,3110.814531,3265.780761,3323.896246,3456.877797,3682.159129,3857.403493,4031.416857,4300.877594,4718.710038,5175.703185,5760.565051,6356.190845,6844.337827,7050.013764,7593.034034,8185.030279,8633.369068,9053.753773,9555.90863,9933.993847,
Lesotho,LSO,"GDP per capita, PPP (current international $)",NY.GDP.PCAP.PP.CD,882.3632414,964.0028722,1034.494868,1073.517623,1137.880716,1185.031347,1249.967409,1303.860885,1324.23373,1339.209168,1411.27243,1487.722587,1521.941336,1620.257161,1682.406153,1775.318625,1895.367466,2010.914252,2170.050586,2213.516069,2356.656157,2545.397552,2701.592107,2766.061215,2906.987276,2949.513387,
Late-demographic dividend,LTE,"GDP per capita, PPP (current international $)",NY.GDP.PCAP.PP.CD,2854.361626,2950.297601,3014.398091,3188.294477,3371.374031,3600.64351,3818.929613,4048.206745,4157.295401,4367.527576,4748.1728,5074.457048,5440.98644,5920.685075,6533.297324,7241.894787,8243.951835,9275.581119,10214.14765,10613.03936,11554.85125,12695.17226,13590.73292,14348.6335,15285.23896,16001.51769,
Lithuania,LTU,"GDP per capita, PPP (current international $)",NY.GDP.PCAP.PP.CD,,,,,,5920.149356,6379.701028,7065.021492,7755.124695,7821.672446,8451.123731,9473.287,10494.36325,12066.93123,13040.72183,14526.04738,16493.95022,19087.99427,20744.01164,18164.49588,20129.65379,22854.26812,24657.98315,26717.18273,28179.28132,28936.20626,
Luxembourg,LUX,"GDP per capita, PPP (current international $)",NY.GDP.PCAP.PP.CD,30868.13353,34191.55268,35137.46466,36984.77516,38684.64472,39498.3117,41278.12488,42735.23496,44363.42003,50549.4387,55597.13767,55442.86472,58005.7612,59323.98173,63465.93009,67544.1345,77075.43413,83016.73705,85599.93115,80784.52172,85285.4095,91348.00206,91191.93296,95374.68631,100497.838,102051.6803,
Latvia,LVA,"GDP per capita, PPP (current international $)",NY.GDP.PCAP.PP.CD,,,,,,5504.722036,5796.755365,6480.02933,7069.52091,7405.286932,8013.11294,9055.866418,10070.03327,11025.93411,12223.0729,13847.56979,15761.5729,18122.12115,19432.17901,16889.12074,17592.57257,19740.79226,21216.79633,22684.46728,23884.12917,24899.18457,
"Macao SAR, China",MAC,"GDP per capita, PPP (current international $)",NY.GDP.PCAP.PP.CD,22228.86028,23190.13034,26281.89906,27773.9918,29075.64732,30147.85878,30064.4712,29984.13823,28447.27113,27749.6014,29550.14902,34407.77326,37539.92824,42126.84235,53929.953,58922.09749,67157.30792,76777.76402,78666.56591,78134.58288,96619.8444,117340.9708,127938.9187,141947.0252,140813.518,111496.6294,
St. Martin (French part),MAF,"GDP per capita, PPP (current international $)",NY.GDP.PCAP.PP.CD,,,,,,,,,,,,,,,,,,,,,,,,,,,
Morocco,MAR,"GDP per capita, PPP (current international $)",NY.GDP.PCAP.PP.CD,2521.369376,2742.403651,2697.315259,2694.048787,2993.016457,2845.807817,3209.179277,3169.324623,3391.452926,3438.378293,3542.766114,3846.516371,3985.802655,4264.271943,4545.539605,4796.499521,5262.52,5533.290467,5909.277886,6133.763743,6365.189662,6746.899456,6979.899079,7309.586314,7524.045167,7841.484355,
Monaco,MCO,"GDP per capita, PPP (current international $)",NY.GDP.PCAP.PP.CD,,,,,,,,,,,,,,,,,,,,,,,,,,,
Moldova,MDA,"GDP per capita, PPP (current international $)",NY.GDP.PCAP.PP.CD,,,,,,1899.622233,1824.269765,1893.041787,1789.118318,1758.071675,1839.712736,2000.887403,2195.14622,2393.417558,2647.756644,2945.080151,3190.121573,3381.098617,3723.402213,3531.032976,3831.749187,4179.214809,4226.959198,4700.234439,5017.093636,5048.967871,
Madagascar,MDG,"GDP per capita, PPP (current international $)",NY.GDP.PCAP.PP.CD,1073.382255,1008.346119,1012.452528,1026.470611,1015.760282,1022.338465,1030.426049,1052.90098,1071.701392,1103.537993,1146.177794,1205.262299,1036.723372,1126.581534,1182.875723,1240.334971,1304.444605,1382.710545,1468.210299,1380.565922,1362.298772,1371.648575,1399.513945,1414.171537,1446.390247,1465.344818,
Maldives,MDV,"GDP per capita, PPP (current international $)",NY.GDP.PCAP.PP.CD,,,,,,,,,,,,5652.745271,5947.220482,6788.425933,7690.620625,7088.648653,8443.880725,9112.530361,10092.70551,9681.450619,10301.70575,11126.94559,11373.46296,11853.99048,12534.70963,12770.27132,
Middle East & North Africa,MEA,"GDP per capita, PPP (current international $)",NY.GDP.PCAP.PP.CD,7235.474358,7374.530368,7779.950267,7988.885405,8165.749234,8399.783022,8817.558614,9137.362262,9500.828039,9762.626634,10316.29682,10576.98364,10819.09814,11256.24947,12293.63022,13092.40086,14066.097,15015.3245,15720.38841,15813.02831,16484.59756,17023.63644,17483.01902,17870.27,18381.60616,18813.76465,
Mexico,MEX,"GDP per capita, PPP (current international $)",NY.GDP.PCAP.PP.CD,6019.262211,6353.257303,6600.661917,8442.989675,8853.980983,7978.610395,8348.036545,8926.818417,9265.635751,9710.504262,10318.53201,10301.61803,10348.61558,10588.34485,11198.54857,12070.89609,13144.18287,13717.46046,14272.19494,13934.15677,14603.16786,15754.19717,16289.56528,16527.64201,17205.59144,16988.383,
Marshall Islands,MHL,"GDP per capita, PPP (current international $)",NY.GDP.PCAP.PP.CD,1864.948114,1881.733138,2024.43868,2167.680708,2319.602878,2540.220479,2303.080492,2178.79068,2130.521544,2105.02843,2276.036208,2451.677719,2555.557193,2613.255579,2685.737648,2849.270478,2992.032988,3177.432208,3181.575664,3144.913209,3381.346046,3501.48705,3689.35326,3828.434906,3851.797232,3910.915398,
Middle income,MIC,"GDP per capita, PPP (current international $)",NY.GDP.PCAP.PP.CD,2595.689045,2673.163915,2746.965656,2894.108933,3002.620012,3137.567792,3314.631609,3483.942651,3549.052839,3695.232201,3942.675569,4134.605777,4328.249888,4625.747387,5083.993654,5585.302845,6229.053633,6885.302533,7426.586081,7658.653647,8262.500487,8922.108407,9427.055396,9899.736671,10463.82834,10894.78197,
"Macedonia, FYR",MKD,"GDP per capita, PPP (current international $)",NY.GDP.PCAP.PP.CD,5255.594374,5115.330342,4916.699509,4686.404835,4723.043312,4774.200353,4907.014145,5034.480114,5234.898189,5490.704211,6191.617251,6106.226221,6368.232266,6564.427474,7149.815766,7825.705501,8656.05672,9302.411926,10479.05076,10979.36747,11341.03118,11648.2996,11868.35223,12686.55505,13476.98312,14076.48313,
Mali,MLI,"GDP per capita, PPP (current international $)",NY.GDP.PCAP.PP.CD,820.3660045,926.4254357,894.5029319,919.9709586,948.8613162,951.5093289,1009.961778,1048.581168,1109.998177,1158.866768,1151.234785,1319.212046,1340.200972,1446.4357,1462.69068,1557.653315,1626.255578,1671.442481,1727.307207,1763.44503,1822.967574,1862.940401,1826.135914,1843.482217,1950.58824,2028.157518,
Malta,MLT,"GDP per capita, PPP (current international $)",NY.GDP.PCAP.PP.CD,9337.90547,9979.768997,10576.40365,11200.79235,11973.0936,12907.74513,13675.70325,15119.63107,15852.50264,16962.28291,19410.80572,19666.27416,20561.70481,20936.34157,21416.30157,22232.45822,23237.18226,24883.51975,26192.99141,26166.38674,27862.77616,28765.29436,29645.16,31405.33729,32488.63337,33995.1833,
Myanmar,MMR,"GDP per capita, PPP (current international $)",NY.GDP.PCAP.PP.CD,464.4190582,470.2542272,520.8578783,558.769369,606.087961,653.6256781,699.3663087,741.6292908,783.1849743,871.0159133,1001.325192,1127.880536,1269.887222,1460.658449,1689.595492,1964.670684,2272.961717,2595.574306,2898.957431,3207.781083,3534.787519,3780.81768,4099.89264,4479.631121,4882.445329,5249.744742,
Middle East & North Africa (excluding high income),MNA,"GDP per capita, PPP (current international $)",NY.GDP.PCAP.PP.CD,5060.886892,4989.359167,5226.630362,5329.678226,5411.531451,5565.242668,5901.712209,6114.986724,6467.284097,6772.609528,7099.258368,7340.358252,7583.966916,7788.185505,8495.137182,9043.02231,9690.583571,10394.56572,10815.99478,11039.54113,11579.51977,11589.20479,11668.93438,11837.38338,12171.84166,,
Montenegro,MNE,"GDP per capita, PPP (current international $)",NY.GDP.PCAP.PP.CD,,,,,,,,,,,5998.015356,6788.593417,7098.965769,7332.150657,7840.786609,8313.642308,10354.44716,12402.38582,13737.66333,12981.90591,13661.31294,14472.44346,13863.9398,14883.66734,15410.07265,16050.16431,
Mongolia,MNG,"GDP per capita, PPP (current international $)",NY.GDP.PCAP.PP.CD,3310.861425,3076.084463,2822.418429,2773.653954,2871.205088,3094.18548,3195.322617,3349.008646,3468.876894,3598.663343,3689.700412,3849.422652,4053.677655,4378.350592,4921.782863,5384.32093,5949.15142,6644.318275,7274.126952,7128.216004,7552.646083,8889.345538,9990.038049,11132.39095,12012.23691,12220.78134,
Northern Mariana Islands,MNP,"GDP per capita, PPP (current international $)",NY.GDP.PCAP.PP.CD,,,,,,,,,,,,,,,,,,,,,,,,,,,
Mozambique,MOZ,"GDP per capita, PPP (current international $)",NY.GDP.PCAP.PP.CD,242.3845605,256.0628558,239.7393762,256.629205,267.598162,269.6375678,337.7048597,370.298009,407.9615172,435.1325441,440.3525845,493.4222085,529.3821578,558.3079979,600.5492643,654.6779387,720.4239655,772.4257715,818.4804732,852.8593034,895.4996639,951.8253639,1010.221252,1069.336403,1137.316783,1192.175329,
Mauritania,MRT,"GDP per capita, PPP (current international $)",NY.GDP.PCAP.PP.CD,1819.88923,1861.547515,1885.770809,1986.535291,1910.714069,2080.411783,2176.551832,2062.144022,2079.247916,2206.120506,2178.985893,2204.245271,2184.104606,2289.393079,2414.338631,2638.741454,3145.575979,3233.9714,3248.813181,3158.549257,3266.294626,3403.534526,3575.986354,3759.861442,3890.761881,,
Mauritius,MUS,"GDP per capita, PPP (current international $)",NY.GDP.PCAP.PP.CD,4774.34867,5096.760049,5479.869136,5825.886673,6109.821318,6448.993211,6863.107641,7285.789619,7730.246045,7951.720473,8780.062693,9138.775496,9409.610271,9876.469131,10664.04277,11078.02724,12335.63549,13328.34086,14270.16945,14815.80799,15616.00684,16561.77098,17408.18871,18243.51278,19230.65752,20085.1709,
Malawi,MWI,"GDP per capita, PPP (current international $)",NY.GDP.PCAP.PP.CD,482.4589278,531.0226763,499.2085101,559.7688345,511.6641235,603.6830359,647.5525685,666.7136489,680.1081732,690.6672666,697.600804,660.3855017,664.7474763,698.8007741,737.5883978,765.2237114,802.8457436,877.5051002,934.9315315,990.2613624,1039.289519,1078.855647,1085.679,1125.476712,1174.289937,1183.605235,
Malaysia,MYS,"GDP per capita, PPP (current international $)",NY.GDP.PCAP.PP.CD,6755.139214,7442.434759,8074.85617,8856.232592,9630.920199,10527.56061,11495.00061,12233.02226,11173.92518,11757.03284,12797.96613,12882.24642,13513.41243,14306.64022,15410.54472,16453.1206,17587.37531,19412.04923,20098.88195,19409.15979,20675.01747,21866.34075,23124.86466,24230.86246,25765.75852,26950.33532,
North America,NAC,"GDP per capita, PPP (current international $)",NY.GDP.PCAP.PP.CD,23569.69156,23970.32478,24988.45335,25945.12055,27247.92871,28243.7063,29457.19797,30930.69712,32274.6763,33935.25788,35736.50624,36567.03111,37448.10698,38941.42491,41118.6297,43503.57537,45609.33061,47214.929,47602.871,46192.19129,47548.88441,48967.5238,50508.32133,51890.13173,53595.86956,54926.51934,
Namibia,NAM,"GDP per capita, PPP (current international $)",NY.GDP.PCAP.PP.CD,3694.589162,3986.485243,4233.240293,4140.255602,4177.359565,4301.158348,4383.932085,4507.708429,4571.850609,4675.756895,4843.200505,4926.136338,5169.677046,5433.093625,6197.91768,6480.580238,7058.513564,7617.350335,7849.99947,7797.928202,8212.329315,8625.717922,9021.912915,9459.183825,10010.39847,10411.35703,
New Caledonia,NCL,"GDP per capita, PPP (current international $)",NY.GDP.PCAP.PP.CD,,,,,,,,,,,,,,,,,,,,,,,,,,,
Niger,NER,"GDP per capita, PPP (current international $)",NY.GDP.PCAP.PP.CD,585.3607425,600.4893198,555.5550075,557.8435728,572.4323825,578.9229807,588.2929776,593.0051071,638.2062358,621.1404083,603.8282498,637.7278176,642.9859659,665.7174887,659.9820675,686.036867,720.859443,735.3715889,791.3179015,761.9909234,804.0510285,807.1930209,883.2513773,907.5886376,949.9087681,955.4833237,
Nigeria,NGA,"GDP per capita, PPP (current international $)",NY.GDP.PCAP.PP.CD,1958.68657,1960.765534,1963.962333,2001.920405,2012.245199,1997.435084,2082.834321,2124.145911,2151.04799,2140.016553,2247.88503,2340.745918,2404.958884,2638.800223,3534.047139,3676.7075,3994.771889,4266.961628,4502.205379,4723.091456,5019.186061,5230.598854,5407.323956,5637.712125,5940.570145,6003.890071,
Nicaragua,NIC,"GDP per capita, PPP (current international $)",NY.GDP.PCAP.PP.CD,1951.862766,1969.159022,1977.713429,1973.426093,2039.315504,2161.182504,2296.167272,2384.550062,2457.293862,2627.258776,2754.333031,2858.455737,2884.081324,2975.956176,3178.479409,3376.96543,3578.083708,3817.186363,3951.24718,3822.164429,3942.82262,4223.427239,4488.17451,4712.389033,4958.803296,5200.299685,
Netherlands,NLD,"GDP per capita, PPP (current international $)",NY.GDP.PCAP.PP.CD,18899.8206,19848.21926,20491.50851,21095.32112,22048.86006,23095.75063,24225.33851,25708.44298,27330.73634,28946.09718,31572.67803,32912.25799,33991.05929,33701.44031,35440.76332,37265.34509,40620.75965,43462.04905,45843.89223,44090.32519,44585.52623,46066.65241,46707.26971,48710.3189,49055.3832,49587.00519,
Norway,NOR,"GDP per capita, PPP (current international $)",NY.GDP.PCAP.PP.CD,18431.31229,19538.94476,20579.54136,21540.07161,22979.37958,24306.60754,26792.38323,28585.31264,28157.61551,30555.33875,36927.96013,37873.579,37959.79481,38530.80313,42516.43221,47772.43008,54110.88265,55847.13872,61676.11957,55459.98967,57995.86019,62060.95853,65380.24599,67019.81343,65713.51046,62083.86257,
Nepal,NPL,"GDP per capita, PPP (current international $)",NY.GDP.PCAP.PP.CD,774.5920996,829.4093747,859.5486818,889.2631812,957.0449111,985.7758438,1032.558714,1078.980654,1100.43409,1144.131152,1220.46425,1286.472736,1287.734432,1345.907258,1428.757638,1507.568314,1588.265153,1668.740402,1787.40582,1863.683463,1956.465866,2042.140687,2153.736493,2251.49768,2399.772704,2462.07461,
Nauru,NRU,"GDP per capita, PPP (current international $)",NY.GDP.PCAP.PP.CD,,,,,,,,,,,,,,,,,,3726.445999,5121.554264,5617.95238,6459.083166,7339.30127,8050.698202,10429.79559,13232.17254,13064.54523,
New Zealand,NZL,"GDP per capita, PPP (current international $)",NY.GDP.PCAP.PP.CD,14872.01806,14567.65209,14917.81383,15962.02253,17096.26115,17906.86966,18465.85804,19133.61374,19327.83065,20579.00242,21509.82969,22507.92861,23306.45195,23963.53112,25086.46266,25677.26149,27767.22048,29386.94768,29860.21278,30699.30419,31263.78579,32734.38316,33065.51124,36210.16503,37087.93799,37575.93055,
OECD members,OED,"GDP per capita, PPP (current international $)",NY.GDP.PCAP.PP.CD,16627.80712,17253.21203,17877.26636,18554.85244,19412.80298,20179.9149,21068.00677,22023.53567,22761.39591,23699.25092,25166.8236,25981.40782,26778.39919,27548.20857,29033.83878,30411.72532,32385.99294,33926.54721,34755.37981,33815.43559,35077.23762,36441.65655,37352.59203,38572.98472,39641.22823,40589.12014,
Oman,OMN,"GDP per capita, PPP (current international $)",NY.GDP.PCAP.PP.CD,22648.90133,23772.37489,25194.18268,26209.25201,26852.20134,28094.89768,29108.58783,31282.79263,32496.86803,32944.71852,35293.55446,37165.86096,36507.32629,35301.35151,35793.47177,36978.69288,39431.16114,41624.85985,44908.03977,46106.33061,45892.36668,42479.20132,42827.14617,41216.36494,39678.29939,39971.09273,
Other small states,OSS,"GDP per capita, PPP (current international $)",NY.GDP.PCAP.PP.CD,,,,,,,,,,,10559.31744,11134.58914,11669.668,12189.38717,13462.03038,14392.2361,16139.8428,17861.94768,19308.5986,19584.69534,21066.93143,22748.36695,23563.01205,24303.5357,25025.13588,25445.24092,
Pakistan,PAK,"GDP per capita, PPP (current international $)",NY.GDP.PCAP.PP.CD,1975.819631,2086.240033,2237.910047,2272.163875,2347.141383,2452.747801,2554.032195,2559.982362,2590.075423,2662.543374,2775.632634,2833.043366,2907.758182,3046.543167,3293.506342,3586.417778,3845.526136,4054.641798,4118.690108,4179.734024,4209.69803,4322.534383,4460.923073,4633.001322,4833.655394,5010.813994,
Panama,PAN,"GDP per capita, PPP (current international $)",NY.GDP.PCAP.PP.CD,5051.531693,5593.843654,6064.57625,6415.134682,6602.22837,6719.222356,6976.496462,7401.055204,7868.860105,8137.85078,8383.743202,8461.624717,8621.492567,8997.884297,9763.60847,10611.48289,11675.28121,13188.96801,14354.0995,14443.60317,15202.21743,17058.59644,18663.16817,19891.81197,21130.20174,22237.23826,
Peru,PER,"GDP per capita, PPP (current international $)",NY.GDP.PCAP.PP.CD,3433.763634,3552.502197,3541.696649,3742.490082,4213.496111,4539.560156,4673.595152,4982.705014,4942.930444,5021.549755,5202.233898,5283.029045,5584.343993,5858.863163,6240.732916,6762.773636,7404.29153,8148.909178,8956.494023,9010.308107,9755.149812,10449.12766,11145.58507,11828.90552,12161.94439,12529.22863,
Philippines,PHL,"GDP per capita, PPP (current international $)",NY.GDP.PCAP.PP.CD,2591.926921,2597.1972,2601.111392,2655.056833,2764.781316,2886.996021,3041.788005,3182.757832,3129.606237,3205.48391,3350.700952,3452.161429,3557.433998,3731.717535,4012.576024,4261.722997,4546.350973,4899.392332,5126.222731,5147.801513,5524.15441,5754.112442,6153.070449,6587.477758,7009.809671,7387.317593,
Palau,PLW,"GDP per capita, PPP (current international $)",NY.GDP.PCAP.PP.CD,,10737.94635,10006.24344,8736.363805,9311.554994,10266.97003,11254.66542,11434.01561,11534.05117,10870.4568,10802.46843,11389.04246,12219.35817,11597.76027,12676.92342,13181.43646,13144.5549,13416.13498,12845.3008,11700.53932,12157.3001,12947.90758,13510.03458,13289.39507,13984.12497,15317.16622,
Papua New Guinea,PNG,"GDP per capita, PPP (current international $)",NY.GDP.PCAP.PP.CD,1038.47601,1146.791506,1302.527618,1537.101366,1621.320665,1559.658193,1666.985262,1587.082549,1503.736501,1514.921817,1472.173297,1466.036245,1449.254175,1473.066392,1516.942886,1624.923129,1672.269239,1795.976583,1906.657151,1992.353002,2122.70745,2345.065877,2525.962109,2651.813579,2868.916341,,
Poland,POL,"GDP per capita, PPP (current international $)",NY.GDP.PCAP.PP.CD,6175.230105,5912.125841,6179.990883,6546.870033,7025.241913,7659.932308,8254.998488,8916.013282,9461.807331,10022.39536,10644.71385,11127.46048,11781.05635,12256.4189,13350.52408,13895.92354,15150.8957,16781.37789,18310.44321,19266.12953,21089.01108,22850.47842,23832.72702,24740.81001,25730.20696,26862.26833,
Pre-demographic dividend,PRE,"GDP per capita, PPP (current international $)",NY.GDP.PCAP.PP.CD,1563.617821,1362.601724,1381.236037,1408.214292,1415.47541,1443.234023,1518.469171,1601.496979,1718.487922,1792.533238,1837.94442,1906.612766,1895.314207,1856.159913,2255.440841,2386.90755,2586.303937,2754.348003,2911.46605,2991.389319,3123.320957,3240.847979,3387.417004,3529.062446,3647.634006,3702.362316,
Puerto Rico,PRI,"GDP per capita, PPP (current international $)",NY.GDP.PCAP.PP.CD,16336.20697,16904.06152,17875.48226,18846.33021,19828.9849,20873.76126,21625.842,22480.17061,24118.00933,24868.2537,25747.50944,28866.16895,29790.59698,30727.86275,32122.19033,33392.4209,34256.91035,34198.68848,34443.78037,34071.24489,33756.80686,34195.60367,34272.20442,35023.66672,,,
"Korea, Dem. Peoples Rep.",PRK,"GDP per capita, PPP (current international $)",NY.GDP.PCAP.PP.CD,,,,,,,,,,,,,,,,,,,,,,,,,,,
Portugal,PRT,"GDP per capita, PPP (current international $)",NY.GDP.PCAP.PP.CD,11762.11007,12713.77327,13155.4924,13177.16446,13550.93801,14376.16284,14903.32216,15780.04863,16674.57277,17723.46332,18872.37901,19585.46948,20367.66441,20839.63403,21490.81623,22739.58966,24669.56698,25695.86767,26631.56396,26496.18036,27360.96112,26780.21491,26454.1026,27924.72563,28831.77352,29717.69397,
Paraguay,PRY,"GDP per capita, PPP (current international $)",NY.GDP.PCAP.PP.CD,3901.573552,4066.453389,4125.37911,4325.498383,4543.123153,4840.225631,4893.255335,5073.927266,5022.597514,4925.629615,4822.976061,4797.718424,4780.154483,4996.040368,5251.988258,5448.981171,5799.017847,6188.423416,6621.203833,6322.524743,7142.057039,7504.677492,7447.174726,8514.175374,8955.58094,9198.498534,
West Bank and Gaza,PSE,"GDP per capita, PPP (current international $)",NY.GDP.PCAP.PP.CD,,,,,1945.04791,2033.954977,2124.538021,2560.860961,3178.090713,3710.124431,3331.356153,3106.931617,3031.45182,3300.10837,3592.666869,4010.147763,3844.389751,3780.691168,3423.59634,4053.048934,4078.495891,4356.34182,4931.002181,4655.14936,4550.173202,5020.119619,
Pacific island small states,PSS,"GDP per capita, PPP (current international $)",NY.GDP.PCAP.PP.CD,2671.433147,2700.436801,2851.146347,2934.087103,3088.571351,3221.855683,3352.776826,3317.039906,3370.921439,3565.181882,3568.361414,3661.566761,3768.728533,3870.411891,4104.419616,4265.15899,4438.606689,4534.492105,4639.983743,4538.304545,4670.068607,4888.106295,5018.064494,5232.95557,5479.888108,5716.151835,
Post-demographic dividend,PST,"GDP per capita, PPP (current international $)",NY.GDP.PCAP.PP.CD,17807.46989,18487.61836,19118.65958,19647.50143,20545.88439,21421.41764,22357.0063,23362.075,24145.4965,25211.6501,26799.07866,27791.01406,28736.06649,29657.77723,31286.73794,32796.93152,34882.66263,36574.13239,37457.2193,36414.21862,37725.36843,39247.19204,40262.37115,41645.93639,42808.20772,43813.34009,
French Polynesia,PYF,"GDP per capita, PPP (current international $)",NY.GDP.PCAP.PP.CD,,,,,,,,,,,,,,,,,,,,,,,,,,,
Qatar,QAT,"GDP per capita, PPP (current international $)",NY.GDP.PCAP.PP.CD,,,,,,,,,,,85689.0213,88051.19527,92702.05262,93110.31288,104097.2586,101030.9485,111246.2552,112973.9014,115043.9161,113286.4317,123592.9873,132514.4949,133557.8526,135923.4715,139174.2788,141542.6628,
Romania,ROU,"GDP per capita, PPP (current international $)",NY.GDP.PCAP.PP.CD,5258.982065,4773.334866,4494.540228,4678.189173,4972.829741,5449.936716,5776.643132,5600.824626,5576.064493,5632.323435,5873.463317,6588.459563,7179.198932,7820.422076,9137.603686,9723.534337,11694.18659,13442.61225,16301.94346,16013.34616,17180.51047,18095.01274,18983.38247,19877.50661,20796.98856,22124.3433,
Russian Federation,RUS,"GDP per capita, PPP (current international $)",NY.GDP.PCAP.PP.CD,8012.802317,7844.086114,6854.085483,6416.169193,5736.160138,5611.658378,5515.985165,5697.327822,5460.354978,5914.300411,6825.411391,7367.609061,8029.122652,9253.577429,10231.42645,11822.3709,14916.18526,16648.58686,20163.58765,19386.5844,20497.93408,24074.36458,25316.63579,24165.32683,25498.64639,25186.16956,
Rwanda,RWA,"GDP per capita, PPP (current international $)",NY.GDP.PCAP.PP.CD,549.6198537,568.3805979,648.3438443,649.8877051,346.9750253,485.7220915,540.7160882,586.83326,596.171408,605.0001059,633.7507518,678.4020688,762.6580987,775.7606251,838.7034648,907.1073812,996.6718639,1072.052347,1181.54477,1230.524243,1301.696952,1397.224691,1510.67811,1569.162855,1669.507522,1762.314126,
South Asia,SAS,"GDP per capita, PPP (current international $)",NY.GDP.PCAP.PP.CD,1203.755945,1241.463142,1314.769176,1374.694597,1457.451943,1558.311488,1661.088129,1717.989523,1797.356079,1927.886971,2014.578029,2109.68334,2182.261888,2344.619895,2547.67445,2814.004379,3100.496886,3384.881773,3529.911037,3768.143396,4093.785857,4376.236726,4636.331827,4933.086411,5288.778044,5663.974547,
Saudi Arabia,SAU,"GDP per capita, PPP (current international $)",NY.GDP.PCAP.PP.CD,22843.10037,24945.54538,25915.73931,25809.41717,25836.72981,25755.39033,26443.08106,26926.71553,27311.37864,26829.62029,28013.20959,28002.60433,27639.68947,29453.78144,32105.37336,34552.3445,36601.90395,38814.51442,41853.09966,41897.8915,43351.76769,47474.04338,49729.51749,50670.71638,52268.29556,53538.79043,
Sudan,SDN,"GDP per capita, PPP (current international $)",NY.GDP.PCAP.PP.CD,1133.190329,1221.453106,1290.004375,1337.153885,1336.077848,1401.900597,1467.877466,1603.987846,1644.241771,1673.593193,1769.652859,1873.735559,1968.097677,2101.944562,2180.530388,2351.119436,2591.937508,2883.714026,3080.764727,3116.2031,3175.273943,3478.252239,3981.989759,4136.089387,4231.195729,4387.896396,
Senegal,SEN,"GDP per capita, PPP (current international $)",NY.GDP.PCAP.PP.CD,1197.102682,1230.035759,1235.265315,1243.234911,1233.375352,1290.748056,1306.457202,1336.869335,1396.980828,1472.375526,1515.583756,1579.875219,1572.456979,1665.494123,1763.237812,1870.789913,1922.929344,2016.085041,2073.390249,2079.908456,2129.792483,2145.768396,2211.634678,2253.568646,2319.173879,2420.794877,
Singapore,SGP,"GDP per capita, PPP (current international $)",NY.GDP.PCAP.PP.CD,22167.95169,23751.97812,25245.29588,28107.75207,30858.91878,32707.70385,34386.91235,36624.77003,34989.32959,37390.08745,40928.33705,40358.97452,42316.45801,45744.13538,50849.67523,55105.96589,59926.48344,64387.80508,63361.32069,61572.02253,70561.0834,74910.18253,77173.2383,80767.55972,83798.58923,85382.30227,
Solomon Islands,SLB,"GDP per capita, PPP (current international $)",NY.GDP.PCAP.PP.CD,1158.601909,1233.775496,1382.307907,1430.268921,1550.428433,1665.309821,1675.351577,1633.417899,1634.849154,1607.280038,1371.662572,1256.852442,1208.018933,1278.507124,1343.430957,1426.119018,1534.731167,1651.874965,1763.154933,1655.210388,1752.11988,1976.4069,2062.454263,2114.567732,2141.012127,2200.934181,
Sierra Leone,SLE,"GDP per capita, PPP (current international $)",NY.GDP.PCAP.PP.CD,886.6325532,934.2004604,777.1207464,813.8564091,822.4528475,776.6168819,805.6615558,769.1998676,784.2844133,766.6251611,813.1862045,743.1428086,909.2490061,965.1632322,1007.07589,1041.572371,1095.744509,1182.208249,1240.407347,1278.9048,1333.583438,1394.477558,1599.431938,1918.859652,1997.992281,1569.318744,
El Salvador,SLV,"GDP per capita, PPP (current international $)",NY.GDP.PCAP.PP.CD,2929.366635,3094.183069,3358.901551,3645.130796,3900.678942,4190.70883,4297.988394,4518.001239,4702.078706,4904.848181,5092.548588,5267.792374,5446.314438,5657.03907,5896.016066,6279.113261,6702.272962,7122.336318,7332.798993,7136.595021,7301.806597,7596.509131,7859.86073,8111.080083,8349.206901,8619.580946,
San Marino,SMR,"GDP per capita, PPP (current international $)",NY.GDP.PCAP.PP.CD,,,,,,,,,,,,,,,,,,,,,,,,,,,
Somalia,SOM,"GDP per capita, PPP (current international $)",NY.GDP.PCAP.PP.CD,,,,,,,,,,,,,,,,,,,,,,,,,,,
Serbia,SRB,"GDP per capita, PPP (current international $)",NY.GDP.PCAP.PP.CD,,,,,,4873.111796,5087.506543,5561.910748,5780.801407,5175.049359,5721.741945,6151.868233,6800.879652,7197.419257,8070.216444,8706.981641,9615.653634,10472.05174,11921.80251,11841.84782,12098.69311,12967.87138,13108.04525,13772.54655,13806.03304,14111.90131,
Sub-Saharan Africa (excluding high income),SSA,"GDP per capita, PPP (current international $)",NY.GDP.PCAP.PP.CD,1641.555286,1652.234716,1623.097671,1621.700617,1639.934233,1681.527735,1756.234248,1802.956828,1821.667467,1843.517439,1903.15675,1975.409871,2012.478529,2100.850337,2358.789293,2500.950021,2686.315341,2873.088217,3007.819466,3046.295913,3171.188429,3291.034265,3385.744889,3516.12857,3653.687773,3711.871981,
South Sudan,SSD,"GDP per capita, PPP (current international $)",NY.GDP.PCAP.PP.CD,,,,,,,,,,,,,,,,,,,3591.90892,3637.873769,3717.215638,3461.751039,1819.434959,2005.155918,2028.89536,1853.798627,
Sub-Saharan Africa,SSF,"GDP per capita, PPP (current international $)",NY.GDP.PCAP.PP.CD,1642.584575,1653.306961,1624.265724,1622.95053,1641.160427,1682.729371,1757.485854,1804.36835,1823.189785,1845.051792,1904.707437,1976.91015,2013.974932,2102.230387,2360.099477,2502.401324,2687.91715,2874.872824,3009.528458,3047.946602,3172.911668,3292.909393,3387.740835,3518.228072,3655.835459,3714.061531,
Small states,SST,"GDP per capita, PPP (current international $)",NY.GDP.PCAP.PP.CD,,,,,,,,,,,9710.361693,10207.79811,10704.77283,11266.07832,12358.24257,13202.51616,14743.4204,16169.35267,17338.60644,17459.64767,18642.72509,19993.27782,20699.07376,21367.37033,21995.25218,22368.60743,
Sao Tome and Principe,STP,"GDP per capita, PPP (current international $)",NY.GDP.PCAP.PP.CD,,,,,,,,,,,,1654.5501,1682.834247,1788.322876,1864.908921,2015.508902,2217.031443,2298.993305,2481.24583,2505.596106,2647.086992,2759.745784,2836.553749,2956.509286,3128.401877,3218.5736,
Suriname,SUR,"GDP per capita, PPP (current international $)",NY.GDP.PCAP.PP.CD,6840.543688,7128.823548,7147.728936,6671.478443,6916.263092,7017.052922,7111.424675,7516.899441,7593.307851,7537.450123,7621.723237,8092.123255,8533.324408,9200.65497,10293.40751,11049.55551,11732.3214,12533.85276,13159.39724,13502.62589,14216.54879,15119.74355,15718.13299,16273.88997,16720.14663,16702.65923,
Slovak Republic,SVK,"GDP per capita, PPP (current international $)",NY.GDP.PCAP.PP.CD,,,7131.251978,7424.983182,8021.870668,8642.396557,9361.237062,10061.34678,10602.39907,10700.7066,11347.91207,12399.75735,13294.49459,14138.90916,15198.91969,16616.13454,18875.52455,21156.83045,23691.64388,23082.79056,25010.54458,25835.00476,26647.42196,27922.84218,29045.75154,29931.24697,
Slovenia,SVN,"GDP per capita, PPP (current international $)",NY.GDP.PCAP.PP.CD,,,,,,13547.2229,14272.6555,15260.28352,16024.40078,17067.16291,18036.46727,18998.77439,20305.02222,21132.38649,22792.92798,23945.25534,25777.98669,27594.79118,29624.19018,27504.07207,27792.97798,28804.70152,28841.92306,29558.64228,31022.15563,31990.47623,
Sweden,SWE,"GDP per capita, PPP (current international $)",NY.GDP.PCAP.PP.CD,20096.18657,20387.68275,20490.29925,20425.51147,21559.10829,22774.64752,23606.48544,24446.8462,25478.29167,27148.37688,29257.98526,29701.99742,30587.76252,31470.89574,33551.70558,33967.18753,37439.83703,40563.8388,41853.69618,39693.3253,41667.83209,43755.06044,44724.97434,45714.45767,46445.77191,47861.96529,
Swaziland,SWZ,"GDP per capita, PPP (current international $)",NY.GDP.PCAP.PP.CD,3566.851559,3646.80704,3762.496447,3893.291991,3993.987597,4188.846101,4334.363692,4444.862415,4511.80522,4628.481166,4746.643415,4896.07619,5097.256939,5406.960507,5692.872343,6125.914988,6554.061589,6898.537095,7224.694327,7340.785653,7440.690912,7615.493311,7896.358632,8263.738817,8517.091751,8647.786149,
Sint Maarten (Dutch part),SXM,"GDP per capita, PPP (current international $)",NY.GDP.PCAP.PP.CD,,,,,,,,,,,,,,,,,,,,,,36327.2319,,,,,
Seychelles,SYC,"GDP per capita, PPP (current international $)",NY.GDP.PCAP.PP.CD,9188.613001,9627.452827,10503.78455,11184.5616,11033.27516,11007.37547,11588.2181,13042.45707,14015.11587,14214.01993,14626.46037,14607.23869,14559.34877,14134.48392,14161.5154,15859.91946,17516.54847,19755.66719,19274.84812,19131.33174,19953.1605,22556.58257,24251.52397,25655.82295,26564.96764,27177.17408,
Syrian Arab Republic,SYR,"GDP per capita, PPP (current international $)",NY.GDP.PCAP.PP.CD,,,,,,,,,,,,,,,,,,,,,,,,,,,
Turks and Caicos Islands,TCA,"GDP per capita, PPP (current international $)",NY.GDP.PCAP.PP.CD,,,,,,,,,,,,,,,,,,,,,,,,,,,
Chad,TCD,"GDP per capita, PPP (current international $)",NY.GDP.PCAP.PP.CD,717.5726593,779.4670461,834.0484313,697.0841968,759.0252591,758.833881,763.5820165,792.9518858,827.8913118,805.4920752,787.153221,865.7177219,917.7863182,1033.54866,1366.931959,1596.68959,1599.891275,1640.202587,1667.697393,1694.821571,1884.795827,1862.351166,1997.410939,2075.132782,2184.698474,2175.821947,
East Asia & Pacific (IDA & IBRD countries),TEA,"GDP per capita, PPP (current international $)",NY.GDP.PCAP.PP.CD,1451.645045,1591.609988,1770.562852,1975.537206,2199.644614,2429.951602,2659.103572,2852.381108,2875.577437,3057.655414,3323.913812,3586.395637,3885.714003,4264.432853,4725.270454,5294.597086,5980.254431,6820.928508,7469.558588,8025.201965,8840.350353,9699.53134,10537.99519,11386.70605,12272.51237,13105.1901,
Europe & Central Asia (IDA & IBRD countries),TEC,"GDP per capita, PPP (current international $)",NY.GDP.PCAP.PP.CD,6422.093259,6230.086196,5767.260829,5584.222393,5156.37328,5209.41984,5340.795281,5593.1418,5649.265907,5855.061992,6485.844573,6871.780358,7339.123602,8038.080766,8958.652525,9944.504854,11762.44016,13084.86908,14933.1151,14555.46655,15590.29971,17461.55727,18178.95647,18218.63532,19073.73352,19184.10416,
Togo,TGO,"GDP per capita, PPP (current international $)",NY.GDP.PCAP.PP.CD,872.6352851,872.3531211,835.7574655,709.202861,813.033387,873.4659212,944.0592358,1070.603905,1030.273089,1044.263236,1032.035726,1011.10993,990.2252184,1031.753887,1053.611318,1070.826742,1117.607504,1142.10215,1158.45847,1175.823679,1204.604894,1255.087825,1304.187972,1341.415372,1407.725518,1460.34491,
Thailand,THA,"GDP per capita, PPP (current international $)",NY.GDP.PCAP.PP.CD,4298.562681,4767.57748,5221.552865,5739.562307,6278.168547,6866.020783,7310.939821,7151.765069,6600.537112,6926.20699,7314.542194,7650.813673,8153.163182,8819.994762,9545.997831,10194.17569,10977.61174,11850.21509,12272.7398,12257.13618,13309.4192,13654.27246,14853.32968,15435.02557,15775.61444,16340.02857,
Tajikistan,TJK,"GDP per capita, PPP (current international $)",NY.GDP.PCAP.PP.CD,2349.639501,2205.399668,1570.892214,1322.108964,1046.65214,922.7668143,772.2971056,788.8362694,829.1112269,861.2259461,939.7408458,1041.638879,1150.615863,1277.456606,1418.731424,1530.575671,1653.075402,1790.92569,1928.200965,1972.915229,2080.044388,2229.445742,2386.327474,2546.208548,2704.106895,2833.654846,
Turkmenistan,TKM,"GDP per capita, PPP (current international $)",NY.GDP.PCAP.PP.CD,5398.792743,5174.383298,4373.202162,4419.25027,3638.09078,3370.440159,3593.541232,3187.358553,3404.150482,3977.536577,4240.974059,4475.982721,4508.433493,4699.745806,5017.71966,5791.712128,6550.184923,7381.120936,8528.11332,9004.579189,9828.662204,11360.50215,12689.34383,14027.41212,15550.12168,16532.48594,
Latin America & the Caribbean (IDA & IBRD countries),TLA,"GDP per capita, PPP (current international $)",NY.GDP.PCAP.PP.CD,5759.815627,6087.889201,6321.100213,6937.636675,7297.211484,7349.988397,7597.642091,8004.655692,8133.364715,8163.923622,8544.89681,8650.207796,8678.951364,8903.001564,9584.490277,10277.35697,11140.65572,11962.87704,12563.04452,12362.22554,13139.8241,13984.80215,14457.10781,14948.23717,15257.08543,15163.62785,
Timor-Leste,TLS,"GDP per capita, PPP (current international $)",NY.GDP.PCAP.PP.CD,,,,,,,,,,,1134.06921,1320.662056,1211.262827,1161.863492,1158.49562,1235.893035,1178.568934,1331.483706,1535.816003,1729.769506,1905.393497,2061.527569,2171.739382,2215.515497,2329.510037,2399.014386,
Middle East & North Africa (IDA & IBRD countries),TMN,"GDP per capita, PPP (current international $)",NY.GDP.PCAP.PP.CD,5089.348959,5018.329796,5258.023194,5362.83666,5446.429291,5601.567529,5941.46729,6153.023844,6502.344638,6805.129414,7139.764885,7386.331245,7633.863606,7837.729469,8549.707047,9099.432616,9756.77991,10470.13507,10901.52017,11121.05851,11668.04508,11675.48197,11749.92954,11924.96481,12266.01076,,
Tonga,TON,"GDP per capita, PPP (current international $)",NY.GDP.PCAP.PP.CD,2310.145049,2536.114314,2597.274096,2755.262233,2948.750393,3115.118711,3162.910155,3201.094272,3309.718104,3474.284445,3654.324669,3851.138356,4020.62204,4161.999126,4235.05303,4412.658271,4482.441625,4381.46188,4576.675533,4690.11618,4891.998479,5110.54609,5232.082279,5132.250761,5309.424934,5534.831912,
South Asia (IDA & IBRD),TSA,"GDP per capita, PPP (current international $)",NY.GDP.PCAP.PP.CD,1203.755945,1241.463142,1314.769176,1374.694597,1457.451943,1558.311488,1661.088129,1717.989523,1797.356079,1927.886971,2014.578029,2109.68334,2182.261888,2344.619895,2547.67445,2814.004379,3100.496886,3384.881773,3529.911037,3768.143396,4093.785857,4376.236726,4636.331827,4933.086411,5288.778044,5663.974547,
Sub-Saharan Africa (IDA & IBRD countries),TSS,"GDP per capita, PPP (current international $)",NY.GDP.PCAP.PP.CD,1642.584575,1653.306961,1624.265724,1622.95053,1641.160427,1682.729371,1757.485854,1804.36835,1823.189785,1845.051792,1904.707437,1976.91015,2013.974932,2102.230387,2360.099477,2502.401324,2687.91715,2874.872824,3009.528458,3047.946602,3172.911668,3292.909393,3387.740835,3518.228072,3655.835459,3714.061531,
Trinidad and Tobago,TTO,"GDP per capita, PPP (current international $)",NY.GDP.PCAP.PP.CD,7921.052995,8349.544745,8347.759784,8375.293431,8816.696976,9321.689245,10133.09054,11078.52302,12089.72559,13236.2805,14524.13702,15420.81923,16828.06986,19547.27675,21572.51352,23532.50746,27328.35578,29252.1188,30693.869,29429.21386,30628.65707,31012.66995,31830.73157,33039.16382,33282.87771,33308.52041,
Tunisia,TUN,"GDP per capita, PPP (current international $)",NY.GDP.PCAP.PP.CD,3629.120201,3810.751327,4111.239765,4212.283301,4353.568039,4470.335155,4802.372119,5080.017572,5315.528195,5661.445675,6003.315105,6316.896928,6446.951946,6832.577764,7400.19175,7838.077913,8424.202811,9137.024481,9609.010479,9868.445034,10225.96056,10123.12012,10600.95551,10969.59617,11357.81543,11467.06628,
Turkey,TUR,"GDP per capita, PPP (current international $)",NY.GDP.PCAP.PP.CD,6132.788442,6291.420909,6709.075216,7303.859947,6942.003984,7477.784961,8014.493658,8616.89032,8870.983267,8546.180111,9351.471714,9041.756637,9101.933575,9335.882267,10534.77426,11457.9926,13106.71356,14228.52224,15355.91059,14794.51115,16541.99109,18269.83782,18560.17823,19228.65645,19653.61183,20008.91438,
Tuvalu,TUV,"GDP per capita, PPP (current international $)",NY.GDP.PCAP.PP.CD,1531.346373,1630.012219,1704.81642,1808.186939,2027.703164,1958.091472,1867.489048,2081.817035,2421.244743,2409.52912,2428.779986,2510.860974,2733.428397,2678.136383,2698.809178,2667.085324,2796.861693,3043.63125,3342.866072,3212.379397,3156.748086,3488.248359,3552.926553,3651.250172,3793.189653,3926.173454,
Tanzania,TZA,"GDP per capita, PPP (current international $)",NY.GDP.PCAP.PP.CD,951.8317127,971.5474216,966.6302504,968.8990425,973.6778776,999.4805016,1035.289867,1062.550398,1086.756748,1128.546867,1180.742537,1246.881506,1320.61459,1400.30356,1507.797731,1634.893131,1711.3887,1847.864593,1927.688998,1983.222862,2068.488487,2206.910779,2289.261876,2417.413813,2550.490504,2672.509161,
Uganda,UGA,"GDP per capita, PPP (current international $)",NY.GDP.PCAP.PP.CD,506.149425,533.9517715,546.6027073,587.0426431,618.1495374,682.3248614,735.1768198,762.7661963,785.0630804,835.4816454,854.2122135,889.8630027,950.6103602,998.3885329,1059.426932,1124.297675,1241.385391,1335.979017,1431.99631,1489.904419,1541.642262,1665.470433,1704.455535,1736.110653,1799.293743,1850.99241,
Ukraine,UKR,"GDP per capita, PPP (current international $)",NY.GDP.PCAP.PP.CD,6763.203058,6387.203496,5882.241782,5162.606393,4083.486054,3689.120683,3410.956522,3396.057036,3397.920944,3475.638274,3802.540243,4289.921231,4628.037293,5206.106632,6042.184784,6452.096195,7184.203287,8005.69176,8395.812545,7239.624226,7666.219577,8281.867126,8475.471746,8629.676994,8683.640842,7939.61402,
Upper middle income,UMC,"GDP per capita, PPP (current international $)",NY.GDP.PCAP.PP.CD,3354.114569,3465.805648,3560.865089,3803.980724,3958.367278,4130.894291,4368.843709,4630.370001,4765.076309,4959.373621,5344.067401,5616.728979,5919.61318,6346.574692,7012.104957,7765.52929,8771.42356,9803.07659,10719.85772,11020.85438,11954.12819,13052.26205,13831.63468,14512.44207,15356.01409,15941.78244,
Uruguay,URY,"GDP per capita, PPP (current international $)",NY.GDP.PCAP.PP.CD,6360.386618,6756.737119,7404.976473,7725.568927,8402.483355,8392.736112,8958.103932,9820.770507,10309.39232,10210.8809,10204.91446,10018.55847,9383.952934,9654.336694,10421.03573,11553.52941,12376.34403,13501.56642,14705.51664,15391.16953,16736.856,17904.81986,18817.87492,19942.71472,20886.45804,21243.7538,
United States,USA,"GDP per capita, PPP (current international $)",NY.GDP.PCAP.PP.CD,23954.47935,24405.16481,25492.95165,26464.85251,27776.63553,28782.17502,30068.23092,31572.69023,32949.19776,34620.9289,36449.85512,37273.6181,38166.03784,39677.19835,41921.80976,44307.92058,46437.06712,48061.53766,48401.42734,47001.55535,48374.08679,49781.80066,51433.04709,52749.91124,54539.66558,56115.71843,
Uzbekistan,UZB,"GDP per capita, PPP (current international $)",NY.GDP.PCAP.PP.CD,1984.903407,1997.826315,1772.466119,1733.066937,1645.293627,1634.687382,1660.755705,1743.829737,1809.198739,1895.330936,1984.47012,2088.335658,2178.386398,2288.356703,2503.279375,2732.716951,2985.636057,3321.566762,3632.740121,3890.610174,4153.938846,4469.997484,4853.649706,5244.04938,5673.786193,6086.522181,
St. Vincent and the Grenadines,VCT,"GDP per capita, PPP (current international $)",NY.GDP.PCAP.PP.CD,3603.915382,3755.615812,4078.997375,4349.705761,4385.547133,4825.076146,4978.424973,5244.889569,5522.615211,5761.482611,5988.074628,6223.92372,6709.06583,7355.175293,7856.37618,8296.707714,9193.353618,9656.128955,10081.1108,9936.262682,9714.910209,9871.648577,10192.94478,10548.01704,10857.28755,11139.63747,
"Venezuela, RB",VEN,"GDP per capita, PPP (current international $)",NY.GDP.PCAP.PP.CD,9339.953019,10344.90511,10969.88237,11015.79292,10751.88241,11172.37216,11122.95857,11795.16548,11725.96219,10981.35382,11427.40708,11862.25794,10779.40287,9961.91036,11897.38283,13317.17856,14830.9158,16289.45862,17208.19337,16523.93967,16228.34081,17001.91324,18027.89012,18306.43434,17664.73935,,
British Virgin Islands,VGB,"GDP per capita, PPP (current international $)",NY.GDP.PCAP.PP.CD,,,,,,,,,,,,,,,,,,,,,,,,,,,
Virgin Islands (U.S.),VIR,"GDP per capita, PPP (current international $)",NY.GDP.PCAP.PP.CD,,,,,,,,,,,,,,,,,,,,,,,,,,,
Vietnam,VNM,"GDP per capita, PPP (current international $)",NY.GDP.PCAP.PP.CD,970.2356524,1042.925829,1138.479682,1238.057068,1353.236896,1488.646044,1631.092576,1766.479257,1859.814947,1948.959234,2100.243076,2252.422657,2403.517497,2590.294311,2828.047516,3102.936693,3383.69504,3681.316118,3924.101329,4123.425804,4395.510163,4715.886349,5000.764854,5300.32607,5656.95694,6034.259949,
Vanuatu,VUT,"GDP per capita, PPP (current international $)",NY.GDP.PCAP.PP.CD,1647.700273,1707.707655,1740.393818,1743.822099,1890.238223,1902.529127,1941.222114,2033.554627,2107.082467,2107.761018,2237.584965,2159.381617,2030.384081,2105.441392,2192.447393,2323.459088,2533.911244,2669.742795,2828.478687,2874.87888,2888.349379,2915.239621,2952.413431,2990.693012,3046.392286,2987.918632,
World,WLD,"GDP per capita, PPP (current international $)",NY.GDP.PCAP.PP.CD,5422.734101,5595.36085,5761.097125,5961.374231,6200.729493,6448.976617,6735.053012,7023.48905,7186.01826,7454.409693,7899.761399,8184.778971,8463.728265,8825.538202,9439.463585,10059.28104,10890.04648,11659.47614,12199.08166,12176.18811,12836.31581,13557.91406,14083.97209,14635.60154,15225.34435,15691.35278,
Samoa,WSM,"GDP per capita, PPP (current international $)",NY.GDP.PCAP.PP.CD,2358.57696,2363.498923,2390.757459,2523.031863,2487.715023,2687.240966,2913.592522,2966.677645,3050.734449,3150.922756,3428.698019,3729.844194,3928.676984,4162.378933,4446.681442,4750.403152,4961.204069,5380.617521,5505.21341,5244.284423,5295.666099,5674.475341,5757.17964,5692.156638,5818.902565,5934.874655,
Kosovo,XKX,"GDP per capita, PPP (current international $)",NY.GDP.PCAP.PP.CD,,,,,,,,,,,3674.105693,4768.233435,4804.231165,5189.535085,5467.806966,5980.178577,6389.937567,6981.655189,7248.427687,7487.155599,7766.781541,8222.594135,8541.313667,8884.841144,9165.67112,9733.915241,
"Yemen, Rep.",YEM,"GDP per capita, PPP (current international $)",NY.GDP.PCAP.PP.CD,2167.664898,2265.228278,2379.49392,2405.883484,2499.500746,2584.48395,2654.763102,2751.93678,2864.770307,2935.660794,3100.144128,3199.511054,3282.194347,3375.945984,3505.681681,3714.087765,3839.171424,3958.975424,4067.370812,4139.595506,4390.898972,3807.949007,3867.508962,4014.592686,3977.432117,2820.80187,
South Africa,ZAF,"GDP per capita, PPP (current international $)",NY.GDP.PCAP.PP.CD,6401.190477,6390.772781,6238.792394,6307.267523,6493.725525,6691.411584,6974.655309,7157.853537,7161.174434,7335.906618,7702.484655,8016.430932,8340.817652,8651.849857,9179.251464,9847.832856,10577.94237,11289.42926,11716.71897,11462.61547,11785.60514,12243.87909,12556.74847,12859.61759,13097.97369,13195.46542,
Zambia,ZMB,"GDP per capita, PPP (current international $)",NY.GDP.PCAP.PP.CD,1492.126965,1501.007975,1470.726621,1568.373122,1427.21134,1461.075295,1538.885074,1581.418313,1549.460225,1602.428074,1658.38098,1740.96025,1801.115002,1915.431264,2052.67666,2212.044281,2393.064359,2587.314715,2761.655318,2950.712592,3197.380716,3342.65393,3553.115833,3678.844556,3802.035292,3835.503778,
Zimbabwe,ZWE,"GDP per capita, PPP (current international $)",NY.GDP.PCAP.PP.CD,1632.68393,1734.321973,1576.340263,1596.508187,1746.875305,1754.583814,1939.428299,1994.899482,2046.412765,2036.210228,1998.49185,2056.351718,1889.113103,1588.96694,1526.647718,1472.435072,1449.120124,1415.027698,1170.461903,1229.382424,1360.876026,1523.621784,1679.125594,1742.952005,1800.405209,1786.583862,